title,desc,date,datetime,link,img,media,site,log_date
NEC、社内ITの本番環境にIBMのITインフラ可視化ソリューションを ...,,2 hours ago,2023-10-17 19:28:56.724027,news.google.com/./articles/CBMiKWh0dHBzOi8vamFwYW4uemRuZXQuY29tL2FydGljbGUvMzUyMTAzNzAv0gEA?hl=en-US&gl=US&ceid=US%3Aen,https://lh3.googleusercontent.com/1e6RkwC-FiY6EIMwp6j6AOg-I0EVUH1Y4NntFN8jGT4XJtydlOioIF5hUQrJPK_UwTjpu32EnQ=s0-h14-rp,ZDNET Japan,,2023-10-17 21:28:54.781759
IBMが生成AIでモダナイズ、COBOLを「JaBOL」ではなく ...,,4 hours ago,2023-10-17 17:28:56.735092,news.google.com/./articles/CBMiPGh0dHBzOi8veHRlY2gubmlra2VpLmNvbS9hdGNsL254dC9jb2x1bW4vMTgvMDI2MTMvMTAxNjAwMDA0L9IBAA?hl=en-US&gl=US&ceid=US%3Aen,"https://encrypted-tbn2.gstatic.com/faviconV2?url=https://xtech.nikkei.com&client=NEWS_360&size=96&type=FAVICON&fallback_opts=TYPE,SIZE,URL",日本経済新聞,,2023-10-17 21:28:54.781759
"Sirion geht Partnerschaft mit IBM ein, um das Vertragsmanagement ...",,4 hours ago,2023-10-17 17:28:56.733333,news.google.com/./articles/CBMixQFodHRwczovL3d3dy5hZnAuY29tL2RlL25hY2hyaWNodGVuLzEzMzcvc2lyaW9uLWdlaHQtcGFydG5lcnNjaGFmdC1taXQtaWJtLWVpbi11bS1kYXMtdmVydHJhZ3NtYW5hZ2VtZW50LXVudGVybmVobWVuLW1pdC1raS1nZXN0dWV0enRlbS1jb250cmFjdC1saWZlY3ljbGUtbWFuYWdlbWVudC16dS1iZXNjaGxldW5pZ2VuLTIwMjMxMDE3NzM2NTI5MdIBAA?hl=en-US&gl=US&ceid=US%3Aen,"https://encrypted-tbn2.gstatic.com/faviconV2?url=https://www.afp.com&client=NEWS_360&size=96&type=FAVICON&fallback_opts=TYPE,SIZE,URL",afp.com,,2023-10-17 21:28:54.781759
The Expected Move and the Normal Distribution,,4 hours ago,2023-10-17 17:28:56.722149,news.google.com/./articles/CBMiVWh0dHBzOi8vd3d3LnRhc3R5bGl2ZS5jb20vbmV3cy1pbnNpZ2h0cy90aGUtZXhwZWN0ZWQtbW92ZS1hbmQtdGhlLW5vcm1hbC1kaXN0cmlidXRpb27SAQA?hl=en-US&gl=US&ceid=US%3Aen,https://lh3.googleusercontent.com/_XqbQK4MExLUUdhPe9O4aeTeV5pQgXAP5HyVJzDo5HlqJytb6QFNA94iJFN28SWze4h7fzmP=s0-h14-rp,tastylive ,,2023-10-17 21:28:54.781759
Díaz Ayuso anuncia una colaboración con IBM para aplicar ...,,4 hours ago,2023-10-17 17:28:56.717999,news.google.com/./articles/CBMipwFodHRwczovL3d3dy5jb211bmlkYWQubWFkcmlkL25vdGljaWFzLzIwMjMvMTAvMTcvZGlhei1heXVzby1hbnVuY2lhLWNvbGFib3JhY2lvbi1pYm0tYXBsaWNhci10ZWNub2xvZ2lhLWRlc2Fycm9sbG8tbnVldm9zLW1hdGVyaWFsZXMtc2VtaWNvbmR1Y3RvcmVzLXNvc3RlbmlibGVzLWVzcGFuYdIBAA?hl=en-US&gl=US&ceid=US%3Aen,"https://encrypted-tbn3.gstatic.com/faviconV2?url=https://www.comunidad.madrid&client=NEWS_360&size=96&type=FAVICON&fallback_opts=TYPE,SIZE,URL",Comunidad de Madrid |,,2023-10-17 21:28:54.781759
2023-2024 Wittenberg Series Continues,,4 hours ago,2023-10-17 17:28:56.717396,news.google.com/./articles/CBMiTmh0dHBzOi8vd3d3LndpdHRlbmJlcmcuZWR1L25ld3MvMTAtMTctMjMvMjAyMy0yMDI0LXdpdHRlbmJlcmctc2VyaWVzLWNvbnRpbnVlc9IBAA?hl=en-US&gl=US&ceid=US%3Aen,"https://encrypted-tbn0.gstatic.com/faviconV2?url=https://www.wittenberg.edu&client=NEWS_360&size=96&type=FAVICON&fallback_opts=TYPE,SIZE,URL",Wittenberg University,,2023-10-17 21:28:54.781759
IBM Says 631K Affected in Johnson & Johnson Database Breach,,4 hours ago,2023-10-17 17:28:56.715680,news.google.com/./articles/CBMiYmh0dHBzOi8vd3d3LmJhbmtpbmZvc2VjdXJpdHkuY29tL2libS1zYXlzLTYzMWstYWZmZWN0ZWQtaW4tam9obnNvbi1qb2huc29uLWRhdGFiYXNlLWJyZWFjaC1hLTIzMzM10gEA?hl=en-US&gl=US&ceid=US%3Aen,"https://encrypted-tbn2.gstatic.com/faviconV2?url=https://www.bankinfosecurity.com&client=NEWS_360&size=96&type=FAVICON&fallback_opts=TYPE,SIZE,URL",BankInfoSecurity.com,,2023-10-17 21:28:54.781759
Large Corporations Continue to Remove Degree Requirements for ...,,5 hours ago,2023-10-17 16:28:56.733254,news.google.com/./articles/CBMiXWh0dHBzOi8vd3d3LnRwdXNhLmNvbS9saXZlL2xhcmdlLWNvcnBvcmF0aW9ucy1jb250aW51ZS10by1yZW1vdmUtZGVncmVlLXJlcXVpcmVtZW50cy1mb3Itam9ic9IBAA?hl=en-US&gl=US&ceid=US%3Aen,"https://encrypted-tbn1.gstatic.com/faviconV2?url=https://www.tpusa.com&client=NEWS_360&size=96&type=FAVICON&fallback_opts=TYPE,SIZE,URL",Turning Point USA,,2023-10-17 21:28:54.781759
Collaborazione Sirion - IBM destinata a velocizzare la gestione dei ...,,5 hours ago,2023-10-17 16:28:56.731285,news.google.com/./articles/CBMiyQFodHRwczovL3d3dy5hbnNhLml0L3NpdG8vbm90aXppZS9lY29ub21pYS9idXNpbmVzc193aXJlLzIwMjMvMTAvMTcvY29sbGFib3JhemlvbmUtc2lyaW9uLWlibS1kZXN0aW5hdGEtYS12ZWxvY2l6emFyZS1sYS1nZXN0aW9uZS1kZWktY29udHJhdHRpLWF6aWVuZGFsaS1ncmF6aWVfODZmZDFjZGUtYWQzNy00OTkxLTg5N2YtNDAxOGFhZDYyYmFhLmh0bWzSAQA?hl=en-US&gl=US&ceid=US%3Aen,"https://encrypted-tbn3.gstatic.com/faviconV2?url=https://www.ansa.it&client=NEWS_360&size=96&type=FAVICON&fallback_opts=TYPE,SIZE,URL",Agenzia ANSA,,2023-10-17 21:28:54.781759
"William Stanick Obituary (03/11/1933 - 10/07/2023) - Homewood, AL ...",,5 hours ago,2023-10-17 16:28:56.721581,news.google.com/./articles/CBMiV2h0dHBzOi8vb2JpdHMuYWwuY29tL3VzL29iaXR1YXJpZXMvYmlybWluZ2hhbS9uYW1lL3dpbGxpYW0tc3Rhbmljay1vYml0dWFyeT9pZD01MzM2NjQxM9IBAA?hl=en-US&gl=US&ceid=US%3Aen,"https://encrypted-tbn3.gstatic.com/faviconV2?url=https://obits.al.com&client=NEWS_360&size=96&type=FAVICON&fallback_opts=TYPE,SIZE,URL",Birmingham Obituaries,,2023-10-17 21:28:54.781759
Nancy Alden Obituary - Poughkeepsie Journal,,5 hours ago,2023-10-17 16:28:56.719854,news.google.com/./articles/CBMiOmh0dHBzOi8vd3d3LnBvdWdoa2VlcHNpZWpvdXJuYWwuY29tL29iaXR1YXJpZXMvcG55czA1OTkyNzHSAQA?hl=en-US&gl=US&ceid=US%3Aen,"https://encrypted-tbn2.gstatic.com/faviconV2?url=https://www.poughkeepsiejournal.com&client=NEWS_360&size=96&type=FAVICON&fallback_opts=TYPE,SIZE,URL",Poughkeepsie Journal,,2023-10-17 21:28:54.781759
Clifton A. Tynes Obituary - Poughkeepsie Journal,,5 hours ago,2023-10-17 16:28:56.718837,news.google.com/./articles/CBMiOmh0dHBzOi8vd3d3LnBvdWdoa2VlcHNpZWpvdXJuYWwuY29tL29iaXR1YXJpZXMvcG55czA1OTk1ODPSAQA?hl=en-US&gl=US&ceid=US%3Aen,"https://encrypted-tbn2.gstatic.com/faviconV2?url=https://www.poughkeepsiejournal.com&client=NEWS_360&size=96&type=FAVICON&fallback_opts=TYPE,SIZE,URL",Poughkeepsie Journal,,2023-10-17 21:28:54.781759
"‘No evidence’ pro-Palestinian hackers stole Iron Dome data IBM says, despite claims online",,6 hours ago,2023-10-17 15:28:56.736344,news.google.com/./articles/CBMiSWh0dHBzOi8vd3d3LmRhaWx5ZG90LmNvbS9kZWJ1Zy9vbmUtcGllY2UtdGVhbS1oYWNrZXJzLWlibS1pcm9uLWRvbWUtaGFjay_SAU1odHRwczovL3d3dy5kYWlseWRvdC5jb20vZGVidWcvb25lLXBpZWNlLXRlYW0taGFja2Vycy1pYm0taXJvbi1kb21lLWhhY2svP2FtcA?hl=en-US&gl=US&ceid=US%3Aen,https://lh3.googleusercontent.com/QxcjceFtgmoHJLpkih5p7tmaJJ_l_Nc915Pj_pfy7idTvY_YhdtobnD7Q9lcXTCKwiUqc2I1=s0-h14-rp,The Daily Dot,,2023-10-17 21:28:54.781759
"Tonia Gaffney Obituary (1951 - 2023) - Branford, CT - New Haven ...",,6 hours ago,2023-10-17 15:28:56.732482,news.google.com/./articles/CBMiV2h0dHBzOi8vd3d3LmxlZ2FjeS5jb20vdXMvb2JpdHVhcmllcy9uaHJlZ2lzdGVyL25hbWUvdG9uaWEtZ2FmZm5leS1vYml0dWFyeT9pZD01MzM2MzYwMNIBAA?hl=en-US&gl=US&ceid=US%3Aen,https://lh3.googleusercontent.com/o_0lFl2fAPKjqOvEmyq_DraIlq59MNFVDNLSNrh50vsRoy80WGY_LS6qMIfsYuMs9B2XlBbJ=s0-h14-rp,Legacy.com,,2023-10-17 21:28:54.781759
IBM and EY launch AI collaboration,,6 hours ago,2023-10-17 15:28:56.715680,news.google.com/./articles/CBMiS2h0dHBzOi8vYnVzaW5lc3NjaGllZi5jb20vdGVjaG5vbG9neS1hbmQtYWkvaWJtLWV5LWFpLXdvcmtmb3JjZS1wYXJ0bmVyc2hpcNIBAA?hl=en-US&gl=US&ceid=US%3Aen,https://lh3.googleusercontent.com/Eprdm3Cv1UPdeoWH5byEnueO1NDJ6J6c7ib_n7fIGwdeOZhBN_Lj3LUVTyID1DRhzKWe7MX9RdI=s0-h14-rp,Business Chief North America,,2023-10-17 21:28:54.781759
Luteinizing Hormone/Human Chorionic Gonadotropin Receptor ...,,7 hours ago,2023-10-17 14:28:56.744653,news.google.com/./articles/CBMi-AFodHRwczovL3d3dy5jdXJldXMuY29tL2FydGljbGVzLzE5MTk2NC1sdXRlaW5pemluZy1ob3Jtb25laHVtYW4tY2hvcmlvbmljLWdvbmFkb3Ryb3Bpbi1yZWNlcHRvci1uMzEycy1zaW5nbGUtbnVjbGVvdGlkZS1wb2x5bW9ycGhpc20tYW5kLWl0cy1pbXBhY3Qtb24tY2xpbmljYWwtYW5kLXJlcHJvZHVjdGl2ZS1vdXRjb21lcy1pbi1hc3Npc3RlZC1yZXByb2R1Y3RpdmUtdGVjaG5vbG9neS1hLXByb3NwZWN0aXZlLWNvaG9ydC1zdHVkedIBAA?hl=en-US&gl=US&ceid=US%3Aen,"https://encrypted-tbn3.gstatic.com/faviconV2?url=https://www.cureus.com&client=NEWS_360&size=96&type=FAVICON&fallback_opts=TYPE,SIZE,URL",Cureus,,2023-10-17 21:28:54.781759
CTRL+ALT+DELETE y otros extraños orígenes de comandos en los ordenadores,,7 hours ago,2023-10-17 14:28:56.741756,news.google.com/./articles/CBMif2h0dHBzOi8vZXMtdXMuZmluYW56YXMueWFob28uY29tL25vdGljaWFzL2N0cmxhbHRkZWxldGUteS1vdHJvcy1leHRyYW5vcy1vcmlnZW5lcy1kZS1jb21hbmRvcy1lbi1sb3Mtb3JkZW5hZG9yZXMtMTcyNzU0NDM3Lmh0bWzSAYcBaHR0cHM6Ly9lcy11cy5maW5hbnphcy55YWhvby5jb20vYW1waHRtbC9ub3RpY2lhcy9jdHJsYWx0ZGVsZXRlLXktb3Ryb3MtZXh0cmFub3Mtb3JpZ2VuZXMtZGUtY29tYW5kb3MtZW4tbG9zLW9yZGVuYWRvcmVzLTE3Mjc1NDQzNy5odG1s?hl=en-US&gl=US&ceid=US%3Aen,https://lh3.googleusercontent.com/proxy/tZpDLZh9NhI9GuFSieNKbf_EKomzEz0gaDg9REmJEGk_QdiO1qg00-VDy1VW1UwqHbWqFjATI-msMhW1mA5BG5295i9v53NuPPuzk22KOr0E-ydGhVNxpLeu5XE05gJoR-yMj05U4predfOGY7Wm8YLrVcNeD1wpwY0BQg3PIubtD43kbfoA9Q6TtTrr=s0-h14-rp,Yahoo,,2023-10-17 21:28:54.781759
Rent Group announces Chris Huff as Chief Technology Officer,,7 hours ago,2023-10-17 14:28:56.740759,news.google.com/./articles/CBMiWGh0dHBzOi8vd3d3Lm1hcnRlY2hjdWJlLmNvbS9yZW50LWdyb3VwLWFubm91bmNlcy1jaHJpcy1odWZmLWFzLWNoaWVmLXRlY2hub2xvZ3ktb2ZmaWNlci_SAVxodHRwczovL3d3dy5tYXJ0ZWNoY3ViZS5jb20vcmVudC1ncm91cC1hbm5vdW5jZXMtY2hyaXMtaHVmZi1hcy1jaGllZi10ZWNobm9sb2d5LW9mZmljZXIvYW1wLw?hl=en-US&gl=US&ceid=US%3Aen,https://lh3.googleusercontent.com/proxy/ss6M6u839KorABjlYtXqAg1Cg5decTtzRmJgIzUGnyy6ZV_iZ7p6k17jycvm2uWA6Rj_s3O4WYvd1dqVxeDeSmqH8hsAbqRp_bKr3mvsC72bxWvljAbWsFRGHU_aLZpH9y2yNDebvcUxM3GpR0T20vtGDFYzz66sfL9KkOBiBuLChSRhh2veIUf5Rw=s0-h14-rp,Martechcube,,2023-10-17 21:28:54.781759
Carol Ann Lisowy - Riverhead News Review,,7 hours ago,2023-10-17 14:28:56.730285,news.google.com/./articles/CBMiTGh0dHBzOi8vcml2ZXJoZWFkbmV3c3Jldmlldy50aW1lc3Jldmlldy5jb20vMjAyMy8xMC8xMTc5MDQvY2Fyb2wtYW5uLWxpc293eS_SAQA?hl=en-US&gl=US&ceid=US%3Aen,"https://encrypted-tbn0.gstatic.com/faviconV2?url=https://riverheadnewsreview.timesreview.com&client=NEWS_360&size=96&type=FAVICON&fallback_opts=TYPE,SIZE,URL",Riverhead News Review,,2023-10-17 21:28:54.781759
University of Kentucky unlocks 60% cut in IT costs with Apple,,7 hours ago,2023-10-17 14:28:56.728223,news.google.com/./articles/CBMib2h0dHBzOi8vd3d3LmNvbXB1dGVyd29ybGQuY29tL2FydGljbGUvMzcwODc3NC91bml2ZXJzaXR5LW9mLWtlbnR1Y2t5LXVubG9ja3MtNjAtY3V0LWluLWl0LWNvc3RzLXdpdGgtYXBwbGUuaHRtbNIBc2h0dHBzOi8vd3d3LmNvbXB1dGVyd29ybGQuY29tL2FydGljbGUvMzcwODc3NC91bml2ZXJzaXR5LW9mLWtlbnR1Y2t5LXVubG9ja3MtNjAtY3V0LWluLWl0LWNvc3RzLXdpdGgtYXBwbGUuYW1wLmh0bWw?hl=en-US&gl=US&ceid=US%3Aen,https://lh3.googleusercontent.com/proxy/Xrg8FFpXTwJrUxj22BzftuyQ3Es1vKbo22fmdKP5_FCOL-D5pbd-NggOn5-Wrg1vjqTKU-PzSBN_qGmlelg0J-t7x8aUvOYMbC9obS4zcjvMRVR4CB2MjDsKI4E_TSv5MEQrvQ_GM_1BZ9Uj93h95ccehetI4kttP-Pm3oy3C88yNx9UMkd9YIFwTupx=s0-h14-rp,Computerworld,,2023-10-17 21:28:54.781759
Israel journey: Group from Tabernacle Church of Utica returns home,,7 hours ago,2023-10-17 14:28:56.727695,news.google.com/./articles/CBMiggFodHRwczovL3d3dy51dGljYW9kLmNvbS9zdG9yeS9uZXdzL2xvY2FsLzIwMjMvMTAvMTcvaXNyYWVsLWpvdXJuZXktZ3JvdXAtZnJvbS10YWJlcm5hY2xlLWNodXJjaC1vZi11dGljYS1yZXR1cm5zLWhvbWUvNzEyMTU4MDkwMDcv0gEA?hl=en-US&gl=US&ceid=US%3Aen,"https://encrypted-tbn2.gstatic.com/faviconV2?url=https://www.uticaod.com&client=NEWS_360&size=96&type=FAVICON&fallback_opts=TYPE,SIZE,URL",Utica Observer Dispatch,,2023-10-17 21:28:54.781759
Quantum Computing Projects for Beginners to Try in 2023,,7 hours ago,2023-10-17 14:28:56.727008,news.google.com/./articles/CBMiWWh0dHBzOi8vd3d3LmFuYWx5dGljc2luc2lnaHQubmV0L3F1YW50dW0tY29tcHV0aW5nLXByb2plY3RzLWZvci1iZWdpbm5lcnMtdG8tdHJ5LWluLTIwMjMv0gEA?hl=en-US&gl=US&ceid=US%3Aen,"https://encrypted-tbn0.gstatic.com/faviconV2?url=https://www.analyticsinsight.net&client=NEWS_360&size=96&type=FAVICON&fallback_opts=TYPE,SIZE,URL",Analytics Insight,,2023-10-17 21:28:54.781759
AI Update: SEC Data Analytics Proposal,,7 hours ago,2023-10-17 14:28:56.725075,news.google.com/./articles/CBMiRWh0dHBzOi8vZGVhbGJyZWFrZXIuY29tLzIwMjMvMTAvYWktdXBkYXRlLXNlYy1kYXRhLWFuYWx5dGljcy1wcm9wb3NhbNIBAA?hl=en-US&gl=US&ceid=US%3Aen,"https://encrypted-tbn1.gstatic.com/faviconV2?url=https://dealbreaker.com&client=NEWS_360&size=96&type=FAVICON&fallback_opts=TYPE,SIZE,URL",Dealbreaker,,2023-10-17 21:28:54.781759
Helping The Helpers: The Nanny Relief Fund Supports A Community Of Workers In A Volatile Industry,,7 hours ago,2023-10-17 14:28:56.722149,news.google.com/./articles/CBMimAFodHRwczovL3d3dy5mb3JiZXMuY29tL3NpdGVzL2NoZXJ5bHJvYmluc29uLzIwMjMvMTAvMTcvaGVscGluZy10aGUtaGVscGVycy10aGUtbmFubnktcmVsaWVmLWZ1bmQtc3VwcG9ydHMtYS1jb21tdW5pdHktb2Ytd29ya2Vycy1pbi1hLXZvbGF0aWxlLWluZHVzdHJ5L9IBnAFodHRwczovL3d3dy5mb3JiZXMuY29tL3NpdGVzL2NoZXJ5bHJvYmluc29uLzIwMjMvMTAvMTcvaGVscGluZy10aGUtaGVscGVycy10aGUtbmFubnktcmVsaWVmLWZ1bmQtc3VwcG9ydHMtYS1jb21tdW5pdHktb2Ytd29ya2Vycy1pbi1hLXZvbGF0aWxlLWluZHVzdHJ5L2FtcC8?hl=en-US&gl=US&ceid=US%3Aen,https://lh3.googleusercontent.com/NIjzR9QHtZJllEvJIVkODXFQ7_rbx1BMBXx2rNUbttjuu9YWLIp2_juQaI9jJ2rDtzi6snbZ=s0-h14-rp,Forbes,,2023-10-17 21:28:54.781759
Companies Need To Get Serious About Materiality,,7 hours ago,2023-10-17 14:28:56.721581,news.google.com/./articles/CBMiYmh0dHBzOi8vd3d3LmZvcmJlcy5jb20vc2l0ZXMvbWFyeWZvbGV5LzIwMjMvMTAvMTcvY29tcGFuaWVzLW5lZWQtdG8tZ2V0LXNlcmlvdXMtYWJvdXQtbWF0ZXJpYWxpdHkv0gFmaHR0cHM6Ly93d3cuZm9yYmVzLmNvbS9zaXRlcy9tYXJ5Zm9sZXkvMjAyMy8xMC8xNy9jb21wYW5pZXMtbmVlZC10by1nZXQtc2VyaW91cy1hYm91dC1tYXRlcmlhbGl0eS9hbXAv?hl=en-US&gl=US&ceid=US%3Aen,https://lh3.googleusercontent.com/NIjzR9QHtZJllEvJIVkODXFQ7_rbx1BMBXx2rNUbttjuu9YWLIp2_juQaI9jJ2rDtzi6snbZ=s0-h14-rp,Forbes,,2023-10-17 21:28:54.781759
Semiconductor Industry Set To Electrify Over Next Decade,,8 hours ago,2023-10-17 13:28:56.743773,news.google.com/./articles/CBMiWGh0dHBzOi8vYnVzaW5lc3NmYWNpbGl0aWVzLmNvbS9zZW1pY29uZHVjdG9yLWluZHVzdHJ5LXNldC10by1lbGVjdHJpZnktb3Zlci1uZXh0LWRlY2FkZS_SAQA?hl=en-US&gl=US&ceid=US%3Aen,https://lh3.googleusercontent.com/uPMIlvxGml-QnXKo8zTrStrvMSAJBh86DJzvvinatHX4ODzNw1gNcbmDe8tVjbYC937HiS7GIg=s0-h14-rp,Business Facilities Magazine,,2023-10-17 21:28:54.781759
SEMO Holds First Ever Homecoming Block Party on 150th ...,,8 hours ago,2023-10-17 13:28:56.743461,news.google.com/./articles/CBMijAFodHRwczovL3d3dy5rcmN1Lm9yZy9lZHVjYXRpb24vMjAyMy0xMC0xNy9zZW1vLWhvbGRzLWZpcnN0LWV2ZXItaG9tZWNvbWluZy1ibG9jay1wYXJ0eS1vbi0xNTB0aC1hbm5pdmVyc2FyeS1hbm5vdW5jaW5nLXRyYW5zZm9ybWF0aW9uYWwtcGxhbtIBlgFodHRwczovL3d3dy5rcmN1Lm9yZy9lZHVjYXRpb24vMjAyMy0xMC0xNy9zZW1vLWhvbGRzLWZpcnN0LWV2ZXItaG9tZWNvbWluZy1ibG9jay1wYXJ0eS1vbi0xNTB0aC1hbm5pdmVyc2FyeS1hbm5vdW5jaW5nLXRyYW5zZm9ybWF0aW9uYWwtcGxhbj9fYW1wPXRydWU?hl=en-US&gl=US&ceid=US%3Aen,"https://encrypted-tbn0.gstatic.com/faviconV2?url=https://www.krcu.org&client=NEWS_360&size=96&type=FAVICON&fallback_opts=TYPE,SIZE,URL",KRCU,,2023-10-17 21:28:54.781759
Depression in Patients With Parkinson's Disease: A Hospital-Based ...,,8 hours ago,2023-10-17 13:28:56.740759,news.google.com/./articles/CBMifGh0dHBzOi8vd3d3LmN1cmV1cy5jb20vYXJ0aWNsZXMvMTk0ODE4LWRlcHJlc3Npb24taW4tcGF0aWVudHMtd2l0aC1wYXJraW5zb25zLWRpc2Vhc2UtYS1ob3NwaXRhbC1iYXNlZC1jcm9zcy1zZWN0aW9uYWwtc3R1ZHnSAQA?hl=en-US&gl=US&ceid=US%3Aen,"https://encrypted-tbn3.gstatic.com/faviconV2?url=https://www.cureus.com&client=NEWS_360&size=96&type=FAVICON&fallback_opts=TYPE,SIZE,URL",Cureus,,2023-10-17 21:28:54.781759
How Entrepreneurs Can Empower Consumers to Make Sustainable ...,,8 hours ago,2023-10-17 13:28:56.739757,news.google.com/./articles/CBMicmh0dHBzOi8vd3d3LmVudHJlcHJlbmV1ci5jb20vZ3JlZW4tZW50cmVwcmVuZXVyL2hvdy1lbnRyZXByZW5ldXJzLWNhbi1lbXBvd2VyLWNvbnN1bWVycy10by1tYWtlLXN1c3RhaW5hYmxlLzQ2MzM1MtIBAA?hl=en-US&gl=US&ceid=US%3Aen,https://lh3.googleusercontent.com/FNuUGW7C8HdFs2MW5sfCClNo93F1D2_wbGaa1X1PPGKDPvz9MKdzI5tQZzv4Lhqu7N3JTIgaaA=s0-h14-rp,Entrepreneur,,2023-10-17 21:28:54.781759
Ecco gli ultimi rating degli analisti per IBM,,8 hours ago,2023-10-17 13:28:56.738756,news.google.com/./articles/CBMiUWh0dHBzOi8vaXQuYmVuemluZ2EuY29tLzIwMjMvMTAvMTcvZWNjby1nbGktdWx0aW1pLXJhdGluZy1kZWdsaS1hbmFsaXN0aS1wZXItaWJtL9IBAA?hl=en-US&gl=US&ceid=US%3Aen,https://lh3.googleusercontent.com/i4wNGjS7Cp1ffv5Vh2sThU0nZgNOYWbOKXn_-cjCbGd8PTqrKETwhsVG8vrjl6Rt2mkOjAOP=s0-h14-rp,Benzinga Italia,,2023-10-17 21:28:54.781759
Four indicted for hiring locals for Chinese firms,,8 hours ago,2023-10-17 13:28:56.733940,news.google.com/./articles/CBMiRmh0dHBzOi8vd3d3LnRhaXBlaXRpbWVzLmNvbS9OZXdzL3RhaXdhbi9hcmNoaXZlcy8yMDIzLzEwLzE4LzIwMDM4MDc4NTXSAQA?hl=en-US&gl=US&ceid=US%3Aen,"https://encrypted-tbn3.gstatic.com/faviconV2?url=https://www.taipeitimes.com&client=NEWS_360&size=96&type=FAVICON&fallback_opts=TYPE,SIZE,URL",台北時報,,2023-10-17 21:28:54.781759
Population Health Management Market size worth USD 64.12 Billion ...,,8 hours ago,2023-10-17 13:28:56.725075,news.google.com/./articles/CBMisgFodHRwczovL3d3dy5wcm5ld3N3aXJlLmNvLnVrL25ld3MtcmVsZWFzZXMvcG9wdWxhdGlvbi1oZWFsdGgtbWFuYWdlbWVudC1tYXJrZXQtc2l6ZS13b3J0aC11c2QtNjQtMTItYmlsbGlvbi1nbG9iYWxseS1ieS0yMDMwLWF0LTE0LTIzLWNhZ3ItdmVyaWZpZWQtbWFya2V0LXJlc2VhcmNoLTMwMTk1OTI4OC5odG1s0gEA?hl=en-US&gl=US&ceid=US%3Aen,"https://encrypted-tbn2.gstatic.com/faviconV2?url=https://www.prnewswire.co.uk&client=NEWS_360&size=96&type=FAVICON&fallback_opts=TYPE,SIZE,URL",PR Newswire UK,,2023-10-17 21:28:54.781759
"Meet Tom Eck, Fiserv Senior VP Of Digital Transformation, At ...",,8 hours ago,2023-10-17 13:28:56.724418,news.google.com/./articles/CBMijQFodHRwczovL3VrLmludmVzdGluZy5jb20vbmV3cy9zdG9jay1tYXJrZXQtbmV3cy9tZWV0LXRvbS1lY2stZmlzZXJ2LXNlbmlvci12cC1vZi1kaWdpdGFsLXRyYW5zZm9ybWF0aW9uLWF0LWJlbnppbmdhcy1maW50ZWNoLWRlYWwtZGF5LTMxOTQyODbSAZkBaHR0cHM6Ly9tLnVrLmludmVzdGluZy5jb20vbmV3cy9zdG9jay1tYXJrZXQtbmV3cy9tZWV0LXRvbS1lY2stZmlzZXJ2LXNlbmlvci12cC1vZi1kaWdpdGFsLXRyYW5zZm9ybWF0aW9uLWF0LWJlbnppbmdhcy1maW50ZWNoLWRlYWwtZGF5LTMxOTQyODY_YW1wTW9kZT0x?hl=en-US&gl=US&ceid=US%3Aen,https://lh3.googleusercontent.com/QkXmufnmlFtu93C8ulHtQJ09gZrk4IB1ECitRSMAxs9UMCpxD7D-fkX6Q4YBa24q_96J9P1a5A=s0-h14-rp,Investing.com UK,,2023-10-17 21:28:54.781759
Weather Words: 'Pentad' | Weather.com,,8 hours ago,2023-10-17 13:28:56.723012,news.google.com/./articles/CBMiRWh0dHBzOi8vd2VhdGhlci5jb20vbmV3cy93ZWF0aGVyL25ld3MvMjAyMy0xMC0xNy13ZWF0aGVyLXdvcmRzLXBlbnRhZNIBAA?hl=en-US&gl=US&ceid=US%3Aen,"https://encrypted-tbn0.gstatic.com/faviconV2?url=https://weather.com&client=NEWS_360&size=96&type=FAVICON&fallback_opts=TYPE,SIZE,URL",The Weather Channel,,2023-10-17 21:28:54.781759
NIST Announces New Board Members to Launch Semiconductor ...,,8 hours ago,2023-10-17 13:28:56.718837,news.google.com/./articles/CBMiYmh0dHBzOi8vd3d3Lm1lcml0YWxrLmNvbS9hcnRpY2xlcy9uaXN0LWFubm91bmNlcy1uZXctYm9hcmQtbWVtYmVycy10by1sYXVuY2gtc2VtaWNvbmR1Y3Rvci1jZW50ZXIv0gEA?hl=en-US&gl=US&ceid=US%3Aen,"https://encrypted-tbn3.gstatic.com/faviconV2?url=https://www.meritalk.com&client=NEWS_360&size=96&type=FAVICON&fallback_opts=TYPE,SIZE,URL",MeriTalk,,2023-10-17 21:28:54.781759
Rising AI Use Paired With Layoffs Invites Age Bias Litigation,,8 hours ago,2023-10-17 13:28:56.716950,news.google.com/./articles/CBMibmh0dHBzOi8vbmV3cy5ibG9vbWJlcmdsYXcuY29tL2RhaWx5LWxhYm9yLXJlcG9ydC9yaXNpbmctYWktdXNlLXBhaXJlZC13aXRoLWxheW9mZnMtaW52aXRlcy1hZ2UtYmlhcy1saXRpZ2F0aW9u0gEA?hl=en-US&gl=US&ceid=US%3Aen,https://lh3.googleusercontent.com/KeLXRlFsUTtfpicMMnauselyo4ffLP3xFvZic6Lxyc6ZOJC9zVpDAZQ1uCKOrzbvQdJPAnAzyg=s0-h14-rp,Bloomberg Law,,2023-10-17 21:28:54.781759
Morgan Stanley Maintains International Business Machines (IBM ...,,8 hours ago,2023-10-17 13:28:56.714659,news.google.com/./articles/CBMiemh0dHBzOi8vd3d3Lm5hc2RhcS5jb20vYXJ0aWNsZXMvbW9yZ2FuLXN0YW5sZXktbWFpbnRhaW5zLWludGVybmF0aW9uYWwtYnVzaW5lc3MtbWFjaGluZXMtaWJtLWVxdWFsLXdlaWdodC1yZWNvbW1lbmRhdGlvbi0w0gEA?hl=en-US&gl=US&ceid=US%3Aen,https://lh3.googleusercontent.com/obUo_H0W5xK1zxQROoKjSILqoGF8_hB6luclCgcakg3Ar6w8bDlZxsX-wcgP0MowaQVShVUibg=s0-h14-rp,Nasdaq,,2023-10-17 21:28:54.781759
SingleStore Announces Several New Product Innovations to Unlock ...,,9 hours ago,2023-10-17 12:28:56.744334,news.google.com/./articles/CBMifmh0dHBzOi8vd3d3LnNpbGljb24uY28udWsvcHJlc3MtcmVsZWFzZS9zaW5nbGVzdG9yZS1hbm5vdW5jZXMtc2V2ZXJhbC1uZXctcHJvZHVjdC1pbm5vdmF0aW9ucy10by11bmxvY2stZnV0dXJlLW9mLXJlYWwtdGltZS1hadIBAA?hl=en-US&gl=US&ceid=US%3Aen,"https://encrypted-tbn0.gstatic.com/faviconV2?url=https://www.silicon.co.uk&client=NEWS_360&size=96&type=FAVICON&fallback_opts=TYPE,SIZE,URL",Silicon UK,,2023-10-17 21:28:54.781759
Phillip Davis Obituary - Bills-McGaugh & Hamilton Funeral Home ...,,9 hours ago,2023-10-17 12:28:56.735998,news.google.com/./articles/CBMiTGh0dHBzOi8vd3d3LmxlZ2FjeS5jb20vdXMvb2JpdHVhcmllcy9uYW1lL3BoaWxsaXAtZGF2aXMtb2JpdHVhcnk_aWQ9NTMzNjI2MjjSAQA?hl=en-US&gl=US&ceid=US%3Aen,https://lh3.googleusercontent.com/o_0lFl2fAPKjqOvEmyq_DraIlq59MNFVDNLSNrh50vsRoy80WGY_LS6qMIfsYuMs9B2XlBbJ=s0-h14-rp,Legacy.com,,2023-10-17 21:28:54.781759
Half a Million Employees Will Be Forced Back to the Office by ...,,9 hours ago,2023-10-17 12:28:56.733940,news.google.com/./articles/CBMikQFodHRwczovL3RoZW1lc3Nlbmdlci5jb20vYnVzaW5lc3MvaGFsZi1hLW1pbGxpb24tZW1wbG95ZWVzLXdpbGwtYmUtZm9yY2VkLWJhY2stdG8tdGhlLW9mZmljZS1ieS1qYW51YXJ5LWlzLWl0LWVub3VnaC10by1zYXZlLXN0cnVnZ2xpbmctbGFuZGxvcmRz0gEA?hl=en-US&gl=US&ceid=US%3Aen,https://lh3.googleusercontent.com/EL9A0dCp3YC71Ap4BPDuf33_2fFNIr1FsSilqnltEYewtXOF2f9mfUDbq-P-kIZsA6F1Gxyaaw=s0-h14-rp,The Messenger,,2023-10-17 21:28:54.781759
Digital Twin Market Expected To Achieve USD 274.2 Billion by 2032 ...,,9 hours ago,2023-10-17 12:28:56.720497,news.google.com/./articles/CBMiPWh0dHBzOi8vd3d3LmludmVzdG9yc29ic2VydmVyLmNvbS9uZXdzL3FtLXByLzgxMzAzNTAxMzE1MTA5MTHSAQA?hl=en-US&gl=US&ceid=US%3Aen,"https://encrypted-tbn3.gstatic.com/faviconV2?url=https://www.investorsobserver.com&client=NEWS_360&size=96&type=FAVICON&fallback_opts=TYPE,SIZE,URL",InvestorsObserver,,2023-10-17 21:28:54.781759
UTA expands microcredential program to all Mavericks - News ...,,9 hours ago,2023-10-17 12:28:56.720236,news.google.com/./articles/CBMiZmh0dHBzOi8vd3d3LnV0YS5lZHUvbmV3cy9uZXdzLXJlbGVhc2VzLzIwMjMvMTAvMTcvdXRhLWV4cGFuZHMtbWljcm9jcmVkZW50aWFsLXByb2dyYW0tdG8tYWxsLW1hdmVyaWNrc9IBAA?hl=en-US&gl=US&ceid=US%3Aen,"https://encrypted-tbn3.gstatic.com/faviconV2?url=https://www.uta.edu&client=NEWS_360&size=96&type=FAVICON&fallback_opts=TYPE,SIZE,URL",uta.edu,,2023-10-17 21:28:54.781759
Nick Kadochnikov joins Harbor as head of artificial intelligence,,9 hours ago,2023-10-17 12:28:56.717396,news.google.com/./articles/CBMiZGh0dHBzOi8vd3d3LmNvbnN1bHRpbmcudXMvbmV3cy85ODE2L25pY2sta2Fkb2Nobmlrb3Ytam9pbnMtaGFyYm9yLWFzLWhlYWQtb2YtYXJ0aWZpY2lhbC1pbnRlbGxpZ2VuY2XSAWhodHRwczovL3d3dy5jb25zdWx0aW5nLnVzL25ld3MvYW1wLzk4MTYvbmljay1rYWRvY2huaWtvdi1qb2lucy1oYXJib3ItYXMtaGVhZC1vZi1hcnRpZmljaWFsLWludGVsbGlnZW5jZQ?hl=en-US&gl=US&ceid=US%3Aen,https://lh3.googleusercontent.com/proxy/J_BmAlfWlpyg5WDosj_Bykroky8qTJCowX9IhJ2g-0l6_rlb9fi3bNObeQgoVgXu6mkFR-4IIm3xtbwZYx2MwSHvw2ny1p4h18zkK551x1P9f4kN12sm2eoHr4pBNFSUVQmI1HMJ-qcsXaYnzcIVEB3Y8Zl8gu1LXXJ-HJh6CfMDSAAqxj8T2JAh11_RdA=s0-h14-rp,Consulting.us,,2023-10-17 21:28:54.781759
Analyst Expectations for IBM's Future - IBM (NYSE:IBM),,9 hours ago,2023-10-17 12:28:56.716398,news.google.com/./articles/CBMiXGh0dHBzOi8vd3d3LmJlbnppbmdhLmNvbS9hbmFseXN0LXJhdGluZ3MvMjMvMTAvMzUyOTA4MzYvYW5hbHlzdC1leHBlY3RhdGlvbnMtZm9yLWlibXMtZnV0dXJl0gEtaHR0cHM6Ly93d3cuYmVuemluZ2EuY29tL2FtcC9jb250ZW50LzM1MjkwODM2?hl=en-US&gl=US&ceid=US%3Aen,https://lh3.googleusercontent.com/Kg5slaOP_n3XLEhwNqmLpBqIZY9zUkY7E0xUuY5H3fbWPa-1O_XlBM5vTUy9OcAVhCa2uDolOg=s0-h14-rp,Benzinga,,2023-10-17 21:28:54.781759
Dow Jones 30 Industrial-Wert IBM-Aktie: So viel hätten Anleger mit einem Investment in IBM verdient,,10 hours ago,2023-10-17 11:28:56.742757,news.google.com/./articles/CBMilgFodHRwczovL3d3dy5maW5hbnplbi5uZXQvbmFjaHJpY2h0L2FrdGllbi9kb3ctam9uZXMtMzAtaW5kdXN0cmlhbC13ZXJ0LWlibS1ha3RpZS1zby12aWVsLWhhZXR0ZW4tYW5sZWdlci1taXQtZWluZW0taW52ZXN0bWVudC1pbi1pYm0tdmVyZGllbnQtMTI5Mjg3MzHSAYkBaHR0cHM6Ly93d3cuZmluYW56ZW4ubmV0L2FtcC9kb3ctam9uZXMtMzAtaW5kdXN0cmlhbC13ZXJ0LWlibS1ha3RpZS1zby12aWVsLWhhZXR0ZW4tYW5sZWdlci1taXQtZWluZW0taW52ZXN0bWVudC1pbi1pYm0tdmVyZGllbnQtMTI5Mjg3MzE?hl=en-US&gl=US&ceid=US%3Aen,https://lh3.googleusercontent.com/7_TI6rcLQ4A0n97RtAupsqmSAPdwOCoXzpmxhm1BPlAEp8SK36c9Y6mSNq7wSfEI20TpcO8Liw=s0-h14-rp,finanzen.net,,2023-10-17 21:28:54.781759
"Jason Keenaghan, Author at TechSpective",,10 hours ago,2023-10-17 11:28:56.740759,news.google.com/./articles/CBMiK2h0dHBzOi8vdGVjaHNwZWN0aXZlLm5ldC9hdXRob3IvamtlZW5hZ2hhbi_SAQA?hl=en-US&gl=US&ceid=US%3Aen,"https://encrypted-tbn2.gstatic.com/faviconV2?url=https://techspective.net&client=NEWS_360&size=96&type=FAVICON&fallback_opts=TYPE,SIZE,URL",TechSpective,,2023-10-17 21:28:54.781759
Texas A&M University System Modernizes Legacy Mainframe with ...,,10 hours ago,2023-10-17 11:28:56.721581,news.google.com/./articles/CBMiPWh0dHBzOi8vd3d3LmludmVzdG9yc29ic2VydmVyLmNvbS9uZXdzL3FtLXByLzg4MjE5OTMwODY2MzYyMTXSAQA?hl=en-US&gl=US&ceid=US%3Aen,"https://encrypted-tbn3.gstatic.com/faviconV2?url=https://www.investorsobserver.com&client=NEWS_360&size=96&type=FAVICON&fallback_opts=TYPE,SIZE,URL",InvestorsObserver,,2023-10-17 21:28:54.781759
11 Best Quantum Computing Stocks To Buy Now,,10 hours ago,2023-10-17 11:28:56.720497,news.google.com/./articles/CBMiTmh0dHBzOi8vZmluYW5jZS55YWhvby5jb20vbmV3cy8xMS1iZXN0LXF1YW50dW0tY29tcHV0aW5nLXN0b2Nrcy0xNDExNTM5NjAuaHRtbNIBVmh0dHBzOi8vZmluYW5jZS55YWhvby5jb20vYW1waHRtbC9uZXdzLzExLWJlc3QtcXVhbnR1bS1jb21wdXRpbmctc3RvY2tzLTE0MTE1Mzk2MC5odG1s?hl=en-US&gl=US&ceid=US%3Aen,https://lh3.googleusercontent.com/L57n4HUzUS8lNXBPYNGQScsyxaqqx42Nym3-tUk8NzkTvMsa95NhzEqC8KMqVPFpAFpCuPFdlA=s0-h14-rp,Yahoo Finance,,2023-10-17 21:28:54.781759
Lowell R. Meyer,,10 hours ago,2023-10-17 11:28:56.718837,news.google.com/./articles/CBMibmh0dHBzOi8vd3d3LnBvc3RidWxsZXRpbi5jb20vb2JpdHVhcmllcy9vYml0cy9sb3dlbGwtci1tZXllci01ZjA3ODQxNDdjNzQ4ZjNiYjA2NzVjZGMtNjUyZTg0Y2EyZWRlMzAxNGRiNmY5YmFj0gEA?hl=en-US&gl=US&ceid=US%3Aen,https://lh3.googleusercontent.com/sSDPIt5O95Uh34S9ZAQ_CpasjH3CRdEjbOhm4XCvZxW294UdsF3ouhror746IvQultU1U_-F=s0-h14-rp,Rochester Post Bulletin,,2023-10-17 21:28:54.781759
"UAlbany, IBM partner to advance AI in New York state",,10 hours ago,2023-10-17 11:28:56.713983,news.google.com/./articles/CBMidWh0dHBzOi8vc3BlY3RydW1sb2NhbG5ld3MuY29tL255cy9jYXBpdGFsLXJlZ2lvbi9uZXdzLzIwMjMvMTAvMTcvdWFsYmFueS0taWJtLXBhcnRuZXItdG8tYWR2YW5jZS1haS1pbi1uZXcteW9yay1zdGF0ZdIBAA?hl=en-US&gl=US&ceid=US%3Aen,"https://encrypted-tbn1.gstatic.com/faviconV2?url=https://spectrumlocalnews.com&client=NEWS_360&size=96&type=FAVICON&fallback_opts=TYPE,SIZE,URL",Spectrum News,,2023-10-17 21:28:54.781759
Sirion werkt samen met IBM om Enterprise Contract Management te ...,,11 hours ago,2023-10-17 10:28:56.743773,news.google.com/./articles/CBMiqQFodHRwczovL25sLm1hcmtldHNjcmVlbmVyLmNvbS9rb2Vycy9hYW5kZWVsL0lCTS00ODI4L25pZXV3cy9TaXJpb24td2Vya3Qtc2FtZW4tbWV0LUlCTS1vbS1FbnRlcnByaXNlLUNvbnRyYWN0LU1hbmFnZW1lbnQtdGUtdmVyc25lbGxlbi1tZXQtQUktZ2VzdHV1cmQtQ29udHJhY3QtNDUwODMwMTgv0gEA?hl=en-US&gl=US&ceid=US%3Aen,https://lh3.googleusercontent.com/j4Sg2VCT8yHNg3ZssI55_5h-rB7Y18bsT11jRryWjUuH9K6rsPkAI6IrqRco43PAqjMYpmzg5Q=s0-h14-rp,Marketscreener NL,,2023-10-17 21:28:54.781759
DeSantis is all wrong about the Palestinian people | Letters to the ...,,11 hours ago,2023-10-17 10:28:56.737759,news.google.com/./articles/CBMicWh0dHBzOi8vd3d3LnN1bi1zZW50aW5lbC5jb20vMjAyMy8xMC8xNy9kZXNhbnRpcy1pcy1hbGwtd3JvbmctYWJvdXQtdGhlLXBhbGVzdGluaWFuLXBlb3BsZS1sZXR0ZXJzLXRvLXRoZS1lZGl0b3Iv0gEA?hl=en-US&gl=US&ceid=US%3Aen,https://lh3.googleusercontent.com/otDmg0ZXdNNUkNSDQn7hqhEl1o8-oebVQ6gAHzVUW6a9KN-171ZIZgAZZ8vLAk9JnvpN-cbRHw=s0-h14-rp,South Florida Sun Sentinel,,2023-10-17 21:28:54.781759
SEC Launches Investigation into Progress Software's MOVEit Hack,,11 hours ago,2023-10-17 10:28:56.737759,news.google.com/./articles/CBMiXGh0dHBzOi8vd3d3LmhpcGFham91cm5hbC5jb20vc2VjLWxhdW5jaGVzLWludmVzdGlnYXRpb24taW50by1wcm9ncmVzcy1zb2Z0d2FyZXMtbW92ZWl0LWhhY2sv0gEA?hl=en-US&gl=US&ceid=US%3Aen,"https://encrypted-tbn1.gstatic.com/faviconV2?url=https://www.hipaajournal.com&client=NEWS_360&size=96&type=FAVICON&fallback_opts=TYPE,SIZE,URL",HIPAA Journal,,2023-10-17 21:28:54.781759
Encourage Your Customers to Call Again. Here’s How.,,11 hours ago,2023-10-17 10:28:56.735092,news.google.com/./articles/CBMicGh0dHBzOi8vd3d3LnJldGFpbHRvdWNocG9pbnRzLmNvbS9mZWF0dXJlcy9leGVjdXRpdmUtdmlld3BvaW50cy9lbmNvdXJhZ2UteW91ci1jdXN0b21lcnMtdG8tY2FsbC1hZ2Fpbi1oZXJlcy1ob3fSAQA?hl=en-US&gl=US&ceid=US%3Aen,https://lh3.googleusercontent.com/_gmxa4DTX1TWr-eNPJr35FDBQ2Mdp0Do7Pcjmo_0TCHSeit3gNm9XXllnn3ClKDjdzUproOSaw=s0-h14-rp,Retail TouchPoints,,2023-10-17 21:28:54.781759
"Anthony Cistone Obituary - DellaVecchia, Reilly, Smith & Boyd ...",,11 hours ago,2023-10-17 10:28:56.732482,news.google.com/./articles/CBMiTmh0dHBzOi8vd3d3LmxlZ2FjeS5jb20vdXMvb2JpdHVhcmllcy9uYW1lL2FudGhvbnktY2lzdG9uZS1vYml0dWFyeT9pZD01MzM2MjAxOdIBAA?hl=en-US&gl=US&ceid=US%3Aen,https://lh3.googleusercontent.com/o_0lFl2fAPKjqOvEmyq_DraIlq59MNFVDNLSNrh50vsRoy80WGY_LS6qMIfsYuMs9B2XlBbJ=s0-h14-rp,Legacy.com,,2023-10-17 21:28:54.781759
Can AI bias be fixed?,,11 hours ago,2023-10-17 10:28:56.729255,news.google.com/./articles/CBMiUWh0dHBzOi8vd3d3LnBvcHNjaS5jb20vdGVjaG5vbG9neS9yYWNpYWwtYmlhcy1hcnRpZmljaWFsLWludGVsbGlnZW5jZS1idW9sYW13aW5pL9IBAA?hl=en-US&gl=US&ceid=US%3Aen,https://lh3.googleusercontent.com/usWEemv_6MXD3CNnuipHqQDOspxfl3VeX1ajGohb0KV2TrcfJCCdYPWWsj-EraIxpe9ucKRPghs=s0-h14-rp,Popular Science,,2023-10-17 21:28:54.781759
Sirion Partners with IBM to Accelerate Enterprise Contract ...,,11 hours ago,2023-10-17 10:28:56.714659,news.google.com/./articles/CBMi2gFodHRwczovL3d3dy5qb3BsaW5nbG9iZS5jb20vcmVnaW9uL25hdGlvbmFsX2J1c2luZXNzL3Npcmlvbi1wYXJ0bmVycy13aXRoLWlibS10by1hY2NlbGVyYXRlLWVudGVycHJpc2UtY29udHJhY3QtbWFuYWdlbWVudC13aXRoLWFpLXBvd2VyZWQtY29udHJhY3QtbGlmZWN5Y2xlLW1hbmFnZW1lbnQvYXJ0aWNsZV8zY2M4ODE1MS0yZTMyLTU2MDUtYmY1Ni1lMzhhMjllODM4OWEuaHRtbNIBAA?hl=en-US&gl=US&ceid=US%3Aen,"https://encrypted-tbn3.gstatic.com/faviconV2?url=https://www.joplinglobe.com&client=NEWS_360&size=96&type=FAVICON&fallback_opts=TYPE,SIZE,URL",Joplin Globe,,2023-10-17 21:28:54.781759
"The Best Stocks to Invest $50,000 in Right Now",,12 hours ago,2023-10-17 09:28:56.743162,news.google.com/./articles/CBMiY2h0dHBzOi8vd3d3Lm1zbi5jb20vZW4tdXMvbW9uZXkvdG9wc3RvY2tzL3RoZS1iZXN0LXN0b2Nrcy10by1pbnZlc3QtNTAtMDAwLWluLXJpZ2h0LW5vdy9hci1BQTFpbTBUNtIBAA?hl=en-US&gl=US&ceid=US%3Aen,"https://encrypted-tbn2.gstatic.com/faviconV2?url=https://www.msn.com&client=NEWS_360&size=96&type=FAVICON&fallback_opts=TYPE,SIZE,URL",msnNOW,,2023-10-17 21:28:54.781759
ZainTECH to acquire STS to expand its service offerings,,12 hours ago,2023-10-17 09:28:56.741756,news.google.com/./articles/CBMiXmh0dHBzOi8vaWJzaW50ZWxsaWdlbmNlLmNvbS9pYnNpLW5ld3MvemFpbnRlY2gtdG8tYWNxdWlyZS1zdHMtdG8tZXhwYW5kLWl0cy1zZXJ2aWNlLW9mZmVyaW5ncy_SAQA?hl=en-US&gl=US&ceid=US%3Aen,"https://encrypted-tbn1.gstatic.com/faviconV2?url=https://ibsintelligence.com&client=NEWS_360&size=96&type=FAVICON&fallback_opts=TYPE,SIZE,URL",IBS Intelligence,,2023-10-17 21:28:54.781759
Grid security must be ensured through technology: Nasrul Hamid ...,,12 hours ago,2023-10-17 09:28:56.738756,news.google.com/./articles/CBMiKWh0dHBzOi8vd3d3LmJzc25ld3MubmV0L25ld3MtZmxhc2gvMTUzMTgz0gEA?hl=en-US&gl=US&ceid=US%3Aen,"https://encrypted-tbn3.gstatic.com/faviconV2?url=https://www.bssnews.net&client=NEWS_360&size=96&type=FAVICON&fallback_opts=TYPE,SIZE,URL",Bangladesh Sangbad Sangstha (BSS),,2023-10-17 21:28:54.781759
HUD and the Concept of the Smart City | HUD USER,,12 hours ago,2023-10-17 09:28:56.737759,news.google.com/./articles/CBMiRGh0dHBzOi8vd3d3Lmh1ZHVzZXIuZ292L3BvcnRhbC9wZHJlZGdlL3Bkci1lZGdlLXRyZW5kaW5nLTEwMTcyMy5odG1s0gEA?hl=en-US&gl=US&ceid=US%3Aen,"https://encrypted-tbn1.gstatic.com/faviconV2?url=https://www.huduser.gov&client=NEWS_360&size=96&type=FAVICON&fallback_opts=TYPE,SIZE,URL",HUD User,,2023-10-17 21:28:54.781759
IBM : Morgan Stanley n'est pas inspiré par le dossier,,12 hours ago,2023-10-17 09:28:56.731285,news.google.com/./articles/CBMieGh0dHBzOi8vd3d3LnpvbmVib3Vyc2UuY29tL2NvdXJzL2FjdGlvbi9JQk0tNDgyOC9hY3R1YWxpdGUvSUJNLU1vcmdhbi1TdGFubGV5LW4tZXN0LXBhcy1pbnNwaXJlLXBhci1sZS1kb3NzaWVyLTQ1MDgwMzg5L9IBAA?hl=en-US&gl=US&ceid=US%3Aen,https://lh3.googleusercontent.com/c2fN3FN93R_CUt5U0Dp3ksGqRDM1GAbkKKPqediUevrrlNoyXYgbFZjw9N-DXVcCUL2oya2GDQ=s0-h14-rp,Zonebourse.com,,2023-10-17 21:28:54.781759
Samuel Jay Speyer,,12 hours ago,2023-10-17 09:28:56.730285,news.google.com/./articles/CBMiQ2h0dHBzOi8vd3d3LnVuaW9uY291bnR5ZGFpbHlkaWdpdGFsLmNvbS9hcnRpY2xlcy9zYW11ZWwtamF5LXNwZXllci_SAQA?hl=en-US&gl=US&ceid=US%3Aen,"https://encrypted-tbn1.gstatic.com/faviconV2?url=https://www.unioncountydailydigital.com&client=NEWS_360&size=96&type=FAVICON&fallback_opts=TYPE,SIZE,URL",Union County Daily Digital,,2023-10-17 21:28:54.781759
What Is Neuromorphic Computing?,,12 hours ago,2023-10-17 09:28:56.725582,news.google.com/./articles/CBMiQmh0dHBzOi8vYnVpbHRpbi5jb20vYXJ0aWZpY2lhbC1pbnRlbGxpZ2VuY2UvbmV1cm9tb3JwaGljLWNvbXB1dGluZ9IBAA?hl=en-US&gl=US&ceid=US%3Aen,https://lh3.googleusercontent.com/wi2_8HTT_Iwvepp4IeH28s5UhbHkOHTB4zewulPvBxAHaX1xIlT_lVxjohXw3vkjQccDsZwZbPI=s0-h14-rp,Built In,,2023-10-17 21:28:54.781759
JPMorgan's most unique tech internships pay up to $3k per week,,12 hours ago,2023-10-17 09:28:56.723012,news.google.com/./articles/CBMiTWh0dHBzOi8vd3d3LmVmaW5hbmNpYWxjYXJlZXJzLmNvbS9uZXdzLzIwMjMvMTAvanBtb3JnYW4tdGVjaC1pbnRlcm5zaGlwLWFyLXZy0gEA?hl=en-US&gl=US&ceid=US%3Aen,https://lh3.googleusercontent.com/Z79eP6nVzrTBayROx0ebW45PMEe_wGSUY8woEieU1B5xRwUeNvdmBWJHwToONENO5RYalakP2Q=s0-h14-rp,eFinancialCareers,,2023-10-17 21:28:54.781759
"Longer Commutes, Shorter Lives: The Costs of Not Investing in ...",,12 hours ago,2023-10-17 09:28:56.721324,news.google.com/./articles/CBMiRWh0dHBzOi8vd3d3Lm55dGltZXMuY29tLzIwMjMvMTAvMTcvbWFnYXppbmUvdXMtcHVibGljLWludmVzdG1lbnQuaHRtbNIBAA?hl=en-US&gl=US&ceid=US%3Aen,https://lh3.googleusercontent.com/tDFSwtr61ZReDD_jw6kEPWegHMSqGEHx-ZS_t-e10We-GfWEPVYkn0uLk_Vn8XQHg8wcnhMWmug=s0-h14-rp,The New York Times,,2023-10-17 21:28:54.781759
Why Our Forecast Weather Map Is Nearly Blank,,12 hours ago,2023-10-17 09:28:56.718837,news.google.com/./articles/CBMia2h0dHBzOi8vd3d3Lnd1bmRlcmdyb3VuZC5jb20vYXJ0aWNsZS9mb3JlY2FzdC9uYXRpb25hbC9uZXdzLzIwMjMtMTAtMTctZm9yZWNhc3QtYmxhbmstd2VhdGhlci1tYXAtZXhwbGFpbmVk0gEA?hl=en-US&gl=US&ceid=US%3Aen,https://lh3.googleusercontent.com/gS50bUvAG0xgdDSBzWo3Rr-DwVMU9As00zzEQgGP-d3N28PcyiwXEKymkMkQ4Klx9D0QZ7fnwA4=s0-h14-rp,Weather Underground,,2023-10-17 21:28:54.781759
Pocketnest Deploys AI to Simplify Financial Planning,,12 hours ago,2023-10-17 09:28:56.716950,news.google.com/./articles/CBMibGh0dHBzOi8vd3d3LnBybmV3c3dpcmUuY29tL25ld3MtcmVsZWFzZXMvcG9ja2V0bmVzdC1kZXBsb3lzLWFpLXRvLXNpbXBsaWZ5LWZpbmFuY2lhbC1wbGFubmluZy0zMDE5NTg0NDMuaHRtbNIBAA?hl=en-US&gl=US&ceid=US%3Aen,https://lh3.googleusercontent.com/kd4boDIAMrfLacAtxrTqjqFkNwWWXvjlUXvGopbygXrEd8tqNFDDupdS_U-aXg9Cs2UvIR2O_g=s0-h14-rp,PR Newswire,,2023-10-17 21:28:54.781759
Clinical Characteristics and Prognostic Factors of Patients With ...,,13 hours ago,2023-10-17 08:28:56.736344,news.google.com/./articles/CBMiyQFodHRwczovL3d3dy5jdXJldXMuY29tL2FydGljbGVzLzE5ODc0MC1jbGluaWNhbC1jaGFyYWN0ZXJpc3RpY3MtYW5kLXByb2dub3N0aWMtZmFjdG9ycy1vZi1wYXRpZW50cy13aXRoLXN0ZW5vdHJvcGhvbW9uYXMtbWFsdG9waGlsaWEtcG5ldW1vbmlhLTEwLXllYXItZXhwZXJpZW5jZS1mcm9tLWEtc2luZ2xlLWNlbnRlcj9zY29yZV9hcnRpY2xlPXRydWXSAQA?hl=en-US&gl=US&ceid=US%3Aen,"https://encrypted-tbn3.gstatic.com/faviconV2?url=https://www.cureus.com&client=NEWS_360&size=96&type=FAVICON&fallback_opts=TYPE,SIZE,URL",Cureus,,2023-10-17 21:28:54.781759
A Solution to the Dilemma of Server Proliferation,,13 hours ago,2023-10-17 08:28:56.733940,news.google.com/./articles/CBMiR2h0dHBzOi8vbXNkeW5hbWljc3dvcmxkLmNvbS9zdG9yeS9zb2x1dGlvbi1kaWxlbW1hLXNlcnZlci1wcm9saWZlcmF0aW9u0gEA?hl=en-US&gl=US&ceid=US%3Aen,"https://encrypted-tbn2.gstatic.com/faviconV2?url=https://msdynamicsworld.com&client=NEWS_360&size=96&type=FAVICON&fallback_opts=TYPE,SIZE,URL",MSDynamicsWorld,,2023-10-17 21:28:54.781759
Adobe Project Primrose Dress Previews Interactive Textile Technology,,13 hours ago,2023-10-17 08:28:56.724992,news.google.com/./articles/CBMihwFodHRwczovL3NvdXJjaW5nam91cm5hbC5jb20vdG9waWNzL3RlY2hub2xvZ3kvYWRvYmUtbWF4LWxvcy1hbmdlbGVzLXByb2plY3QtcHJpbXJvc2UtdGV4dGlsZS1kaXNwbGF5LXRlY2hub2xvZ3ktY2hyaXN0aW5lLWRpZXJrLTQ2MTMzNS_SAQA?hl=en-US&gl=US&ceid=US%3Aen,https://lh3.googleusercontent.com/F_9iUoIEZaUMt3vv-Pzm8UF1L2NU6vGRE5SgHkGORmy99y7sfaGBmX0h82ZuDizgMMrkkFKdpw=s0-h14-rp,Sourcing Journal,,2023-10-17 21:28:54.781759
Elda Health launches #AbhiToUmarHai campaign on World Menopause Day,,14 hours ago,2023-10-17 07:28:56.744653,news.google.com/./articles/CBMigAFodHRwczovL3d3dy5maW5hbmNpYWxleHByZXNzLmNvbS9idXNpbmVzcy9icmFuZHdhZ29uLWVsZGEtaGVhbHRoLWxhdW5jaGVzLWFiaGl0b3VtYXJoYWktY2FtcGFpZ24tb24td29ybGQtbWVub3BhdXNlLWRheS0zMjc1MzMxL9IBhQFodHRwczovL3d3dy5maW5hbmNpYWxleHByZXNzLmNvbS9idXNpbmVzcy9icmFuZHdhZ29uLWVsZGEtaGVhbHRoLWxhdW5jaGVzLWFiaGl0b3VtYXJoYWktY2FtcGFpZ24tb24td29ybGQtbWVub3BhdXNlLWRheS0zMjc1MzMxL2xpdGUv?hl=en-US&gl=US&ceid=US%3Aen,https://lh3.googleusercontent.com/7Pto2nueu4Ypd82Lbwt-H8zc7N11NtU3pdvipt8Y5bjvxZT2a5nXJ1N4gcwQ-eUIGRfvaGtl=s0-h14-rp,The Financial Express,,2023-10-17 21:28:54.781759
Software-Defined Data Center Market revenue to reach USD ...,,14 hours ago,2023-10-17 07:28:56.729255,news.google.com/./articles/CBMirQFodHRwczovL3d3dy5nbG9iZW5ld3N3aXJlLmNvbS9uZXdzLXJlbGVhc2UvMjAyMy8xMC8xNy8yNzYxMjgwLzAvZW4vU29mdHdhcmUtRGVmaW5lZC1EYXRhLUNlbnRlci1NYXJrZXQtcmV2ZW51ZS10by1yZWFjaC1VU0QtMTAwNy0xOS1CaWxsaW9uLWJ5LTIwMzUtc2F5cy1SZXNlYXJjaC1OZXN0ZXIuaHRtbNIBAA?hl=en-US&gl=US&ceid=US%3Aen,https://lh3.googleusercontent.com/mJI4NoxATIZqUI2dQzTur5opKuR9-9OVpNCw5xjFKgy7lhKMuQsIkrO6pbRM9YUeF7s3SOSaXw=s0-h14-rp,GlobeNewswire,,2023-10-17 21:28:54.781759
Taiwan charges 4 individuals for helping China poach tech talent,,14 hours ago,2023-10-17 07:28:56.727391,news.google.com/./articles/CBMiLWh0dHBzOi8vd3d3LnRhaXdhbm5ld3MuY29tLnR3L2VuL25ld3MvNTAyMTg2NNIBAA?hl=en-US&gl=US&ceid=US%3Aen,"https://encrypted-tbn1.gstatic.com/faviconV2?url=https://www.taiwannews.com.tw&client=NEWS_360&size=96&type=FAVICON&fallback_opts=TYPE,SIZE,URL",Taiwan News,,2023-10-17 21:28:54.781759
クボタ、日本IBMと共同開発したスマート水道工事システムを提供 ...,,14 hours ago,2023-10-17 07:28:56.725582,news.google.com/./articles/CBMiLmh0dHBzOi8vZW50ZXJwcmlzZXppbmUuanAvYXJ0aWNsZS9kZXRhaWwvMTg2MDjSAQA?hl=en-US&gl=US&ceid=US%3Aen,"https://encrypted-tbn0.gstatic.com/faviconV2?url=https://enterprisezine.jp&client=NEWS_360&size=96&type=FAVICON&fallback_opts=TYPE,SIZE,URL",EnterpriseZine,,2023-10-17 21:28:54.781759
7 cloud market trends and how they will impact IT,,14 hours ago,2023-10-17 07:28:56.720846,news.google.com/./articles/CBMiWWh0dHBzOi8vd3d3LmNpby5jb20vYXJ0aWNsZS82NTU2OTMvNy1jbG91ZC1tYXJrZXQtdHJlbmRzLWFuZC1ob3ctdGhleS13aWxsLWltcGFjdC1pdC5odG1s0gFeaHR0cHM6Ly93d3cuY2lvLmNvbS9hcnRpY2xlLzY1NTY5My83LWNsb3VkLW1hcmtldC10cmVuZHMtYW5kLWhvdy10aGV5LXdpbGwtaW1wYWN0LWl0Lmh0bWwvYW1wLw?hl=en-US&gl=US&ceid=US%3Aen,"https://encrypted-tbn2.gstatic.com/faviconV2?url=https://www.cio.com&client=NEWS_360&size=96&type=FAVICON&fallback_opts=TYPE,SIZE,URL",CIO,,2023-10-17 21:28:54.781759
Happiest Minds conferred 'Trailblazers of 2023' at the APAC IBM ...,,14 hours ago,2023-10-17 07:28:56.715680,news.google.com/./articles/CBMiiQFodHRwczovL3d3dy5wcm5ld3N3aXJlLmNvbS9uZXdzLXJlbGVhc2VzL2hhcHBpZXN0LW1pbmRzLWNvbmZlcnJlZC10cmFpbGJsYXplcnMtb2YtMjAyMy1hdC10aGUtYXBhYy1pYm0tcGFydG5lci1wbHVzLWF3YXJkcy0zMDE5NTg3MDEuaHRtbNIBAA?hl=en-US&gl=US&ceid=US%3Aen,https://lh3.googleusercontent.com/kd4boDIAMrfLacAtxrTqjqFkNwWWXvjlUXvGopbygXrEd8tqNFDDupdS_U-aXg9Cs2UvIR2O_g=s0-h14-rp,PR Newswire,,2023-10-17 21:28:54.781759
AI and FDI | Two perspectives to consider,,15 hours ago,2023-10-17 06:28:56.739757,news.google.com/./articles/CBMiWmh0dHBzOi8vd3d3LmZkaWludGVsbGlnZW5jZS5jb20vY29udGVudC9OZXdzL2FpLWFuZC1mZGktdHdvLXBlcnNwZWN0aXZlcy10by1jb25zaWRlci04MzAxOdIBAA?hl=en-US&gl=US&ceid=US%3Aen,"https://encrypted-tbn1.gstatic.com/faviconV2?url=https://www.fdiintelligence.com&client=NEWS_360&size=96&type=FAVICON&fallback_opts=TYPE,SIZE,URL",fDi Intelligence,,2023-10-17 21:28:54.781759
Can thin clients be an antidote to the sprawling attack surface?,,15 hours ago,2023-10-17 06:28:56.736344,news.google.com/./articles/CBMiXmh0dHBzOi8vd3d3Lml0cHJvLmNvbS9oYXJkd2FyZS9jYW4tdGhpbi1jbGllbnRzLWJlLWFuLWFudGlkb3RlLXRvLXRoZS1zcHJhd2xpbmctYXR0YWNrLXN1cmZhY2XSAQA?hl=en-US&gl=US&ceid=US%3Aen,https://lh3.googleusercontent.com/Dzh5Kvxq9srTIjFoMcvx5ddJ9K7Ck1osGrJPwlcIcLoLL42kuRfSl71a1aPclsn5McYGXy47pQ=s0-h14-rp,ITPro,,2023-10-17 21:28:54.781759
"Edward Slezek Obituary (1930 - 2023) - Florence, MA - Daily ...",,15 hours ago,2023-10-17 06:28:56.730285,news.google.com/./articles/CBMiV2h0dHBzOi8vd3d3LmxlZ2FjeS5jb20vdXMvb2JpdHVhcmllcy9nYXpldHRlbmV0L25hbWUvZWR3YXJkLXNsZXplay1vYml0dWFyeT9pZD01MzM1MTcyM9IBAA?hl=en-US&gl=US&ceid=US%3Aen,https://lh3.googleusercontent.com/o_0lFl2fAPKjqOvEmyq_DraIlq59MNFVDNLSNrh50vsRoy80WGY_LS6qMIfsYuMs9B2XlBbJ=s0-h14-rp,Legacy.com,,2023-10-17 21:28:54.781759
Gerald Turecek Obituary - Richards Funeral Home - 2023,,15 hours ago,2023-10-17 06:28:56.729255,news.google.com/./articles/CBMiTWh0dHBzOi8vd3d3LmxlZ2FjeS5jb20vdXMvb2JpdHVhcmllcy9uYW1lL2dlcmFsZC10dXJlY2VrLW9iaXR1YXJ5P2lkPTUzMzU4Mjg50gEA?hl=en-US&gl=US&ceid=US%3Aen,https://lh3.googleusercontent.com/o_0lFl2fAPKjqOvEmyq_DraIlq59MNFVDNLSNrh50vsRoy80WGY_LS6qMIfsYuMs9B2XlBbJ=s0-h14-rp,Legacy.com,,2023-10-17 21:28:54.781759
PwC Partners with OpenAI to Offer AI-Generated Advice to Clients,,15 hours ago,2023-10-17 06:28:56.728223,news.google.com/./articles/CBMiO2h0dHBzOi8vd3d3LmNvaW5zcGVha2VyLmNvbS9wd2Mtb3BlbmFpLWFpLWdlbmVyYXRlZC1hZHZpY2Uv0gE_aHR0cHM6Ly93d3cuY29pbnNwZWFrZXIuY29tL3B3Yy1vcGVuYWktYWktZ2VuZXJhdGVkLWFkdmljZS9hbXAv?hl=en-US&gl=US&ceid=US%3Aen,https://lh3.googleusercontent.com/vxMnLa97tulGtyCiv2FIiOI2iqvOulsFQiK_iCZzXuEd4scSSSeFxlrHw9U8a5AxXri0oY3G=s0-h14-rp,Coinspeaker,,2023-10-17 21:28:54.781759
Amazon announces South African launch,,16 hours ago,2023-10-17 05:28:56.738756,news.google.com/./articles/CBMiWWh0dHBzOi8vbXlicm9hZGJhbmQuY28uemEvbmV3cy9idXNpbmVzcy81MTE2NjQtYW1hem9uLWFubm91bmNlcy1zb3V0aC1hZnJpY2FuLWxhdW5jaC5odG1s0gFdaHR0cHM6Ly9teWJyb2FkYmFuZC5jby56YS9uZXdzL2J1c2luZXNzLzUxMTY2NC1hbWF6b24tYW5ub3VuY2VzLXNvdXRoLWFmcmljYW4tbGF1bmNoLmh0bWwvYW1w?hl=en-US&gl=US&ceid=US%3Aen,https://lh3.googleusercontent.com/YHaNsEPw6ixjbYEPao2sor77XQTzCXMwWtpwUfekxHb9gcV7VdmuMQrE_LGpaPS4uC7xJlbOZA=s0-h14-rp,MyBroadband,,2023-10-17 21:28:54.781759
"Cleveland welcomed nearly 18 million visitors in 2022, almost back to pre-pandemic levels",,16 hours ago,2023-10-17 05:28:56.723012,news.google.com/./articles/CBMihgFodHRwczovL3d3dy5jbGV2ZWxhbmQuY29tL3RyYXZlbC8yMDIzLzEwL2NsZXZlbGFuZC13ZWxjb21lZC1uZWFybHktMTgtbWlsbGlvbi12aXNpdG9ycy1pbi0yMDIyLWFsbW9zdC1iYWNrLXRvLXByZS1wYW5kZW1pYy1sZXZlbHMuaHRtbNIBlQFodHRwczovL3d3dy5jbGV2ZWxhbmQuY29tL3RyYXZlbC8yMDIzLzEwL2NsZXZlbGFuZC13ZWxjb21lZC1uZWFybHktMTgtbWlsbGlvbi12aXNpdG9ycy1pbi0yMDIyLWFsbW9zdC1iYWNrLXRvLXByZS1wYW5kZW1pYy1sZXZlbHMuaHRtbD9vdXRwdXRUeXBlPWFtcA?hl=en-US&gl=US&ceid=US%3Aen,"https://encrypted-tbn2.gstatic.com/faviconV2?url=https://www.cleveland.com&client=NEWS_360&size=96&type=FAVICON&fallback_opts=TYPE,SIZE,URL",cleveland.com,,2023-10-17 21:28:54.781759
藤田医科大、IBMやAWSと電子カルテ基盤をハイブリッドクラウド ...,,17 hours ago,2023-10-17 04:28:56.725582,news.google.com/./articles/CBMiKWh0dHBzOi8vamFwYW4uemRuZXQuY29tL2FydGljbGUvMzUyMTAzNTYv0gEA?hl=en-US&gl=US&ceid=US%3Aen,https://lh3.googleusercontent.com/1e6RkwC-FiY6EIMwp6j6AOg-I0EVUH1Y4NntFN8jGT4XJtydlOioIF5hUQrJPK_UwTjpu32EnQ=s0-h14-rp,ZDNET Japan,,2023-10-17 21:28:54.781759
Generative AI forces Stack Overflow to lay off 28% of its workforce,,17 hours ago,2023-10-17 04:28:56.722149,news.google.com/./articles/CBMicWh0dHBzOi8vd3d3LmluZm93b3JsZC5jb20vYXJ0aWNsZS8zNzA4NzM4L2dlbmVyYXRpdmUtYWktZm9yY2VzLXN0YWNrLW92ZXJmbG93LXRvLWxheS1vZmYtMjgtb2YtaXRzLXdvcmtmb3JjZS5odG1s0gF1aHR0cHM6Ly93d3cuaW5mb3dvcmxkLmNvbS9hcnRpY2xlLzM3MDg3MzgvZ2VuZXJhdGl2ZS1haS1mb3JjZXMtc3RhY2stb3ZlcmZsb3ctdG8tbGF5LW9mZi0yOC1vZi1pdHMtd29ya2ZvcmNlLmFtcC5odG1s?hl=en-US&gl=US&ceid=US%3Aen,https://lh3.googleusercontent.com/proxy/-Scv3vFFTtYmUP8Z0hmAHazr-Ug2L2MuBOinGphx3cO7zp1AEn7zefgIPdIiSMQjqb1isOuM9Uk4idRjIrwdU_JAUoFa8m_PRP9j_mhaNRb5V0hzL-VmKPJDRz8g5ku511o-p-QLstelPSX8SMS6mYM1nAuqfdR7PvMNMcFG5rAGacbSCJemZVMOlCnJ=s0-h14-rp,InfoWorld,,2023-10-17 21:28:54.781759
IBM India mulls to upgrade Kochi Software Lab,,17 hours ago,2023-10-17 04:28:56.715396,news.google.com/./articles/CBMicGh0dHBzOi8vd3d3LnRoZWhpbmR1YnVzaW5lc3NsaW5lLmNvbS9pbmZvLXRlY2gvaWJtLWluZGlhLW11bGxzLXRvLXVwZ3JhZGUta29jaGktc29mdHdhcmUtbGFiL2FydGljbGU2NzQyOTUxNC5lY2XSAXVodHRwczovL3d3dy50aGVoaW5kdWJ1c2luZXNzbGluZS5jb20vaW5mby10ZWNoL2libS1pbmRpYS1tdWxscy10by11cGdyYWRlLWtvY2hpLXNvZnR3YXJlLWxhYi9hcnRpY2xlNjc0Mjk1MTQuZWNlL2FtcC8?hl=en-US&gl=US&ceid=US%3Aen,https://lh3.googleusercontent.com/yCc0ftiQHAD8zMJkoMJxHurhE0z1WPaWb9u8sohx1h-DN2juqVhSRh4mxozr5KWGLBVwJnLiRg=s0-h14-rp,BusinessLine,,2023-10-17 21:28:54.781759
An Insight Into Tuberculosis Patients in the Chest Clinic of North ...,,18 hours ago,2023-10-17 03:28:56.739757,news.google.com/./articles/CBMiyQFodHRwczovL3d3dy5jdXJldXMuY29tL2FydGljbGVzLzE4ODU3Mi1hbi1pbnNpZ2h0LWludG8tdHViZXJjdWxvc2lzLXBhdGllbnRzLWluLXRoZS1jaGVzdC1jbGluaWMtb2Ytbm9ydGgtaW5kaWEtZXBpZGVtaW9sb2dpY2FsLXByb2ZpbGUtYW5kLXRyZWF0bWVudC1vdXRjb21lcy1pbi10aGUtd2FrZS1vZi1jb3ZpZC0xOT9zY29yZV9hcnRpY2xlPXRydWXSAQA?hl=en-US&gl=US&ceid=US%3Aen,"https://encrypted-tbn3.gstatic.com/faviconV2?url=https://www.cureus.com&client=NEWS_360&size=96&type=FAVICON&fallback_opts=TYPE,SIZE,URL",Cureus,,2023-10-17 21:28:54.781759
Why India is IBM s Growth Market -Sandip Patel,,18 hours ago,2023-10-17 03:28:56.716398,news.google.com/./articles/CBMiWWh0dHBzOi8vd3d3LmJ1c2luZXNzd29ybGQuaW4vYXJ0aWNsZS8tV2h5LUluZGlhLUlzLUlCTS1zLUdyb3d0aC1NYXJrZXQtLzE2LTEwLTIwMjMtNDk1MjE40gEA?hl=en-US&gl=US&ceid=US%3Aen,"https://encrypted-tbn3.gstatic.com/faviconV2?url=https://www.businessworld.in&client=NEWS_360&size=96&type=FAVICON&fallback_opts=TYPE,SIZE,URL",BW Businessworld,,2023-10-17 21:28:54.781759
"June Gillespie Obituary - All Faiths Cremation Service, LLC - West ...",,19 hours ago,2023-10-17 02:28:56.744653,news.google.com/./articles/CBMiTWh0dHBzOi8vd3d3LmxlZ2FjeS5jb20vdXMvb2JpdHVhcmllcy9uYW1lL2p1bmUtZ2lsbGVzcGllLW9iaXR1YXJ5P2lkPTUzMzYwOTk20gEA?hl=en-US&gl=US&ceid=US%3Aen,https://lh3.googleusercontent.com/o_0lFl2fAPKjqOvEmyq_DraIlq59MNFVDNLSNrh50vsRoy80WGY_LS6qMIfsYuMs9B2XlBbJ=s0-h14-rp,Legacy.com,,2023-10-17 21:28:54.781759
John Coleman Obituary - Macken Funeral Home & Cremation ...,,19 hours ago,2023-10-17 02:28:56.728223,news.google.com/./articles/CBMiS2h0dHBzOi8vd3d3LmxlZ2FjeS5jb20vdXMvb2JpdHVhcmllcy9uYW1lL2pvaG4tY29sZW1hbi1vYml0dWFyeT9pZD01MzM2MDUwONIBAA?hl=en-US&gl=US&ceid=US%3Aen,https://lh3.googleusercontent.com/o_0lFl2fAPKjqOvEmyq_DraIlq59MNFVDNLSNrh50vsRoy80WGY_LS6qMIfsYuMs9B2XlBbJ=s0-h14-rp,Legacy.com,,2023-10-17 21:28:54.781759
Dolores Burke Obituary - Beck Funeral Home in Austin/Round Rock ...,,19 hours ago,2023-10-17 02:28:56.723012,news.google.com/./articles/CBMiTGh0dHBzOi8vd3d3LmxlZ2FjeS5jb20vdXMvb2JpdHVhcmllcy9uYW1lL2RvbG9yZXMtYnVya2Utb2JpdHVhcnk_aWQ9NTMzNTk2NDbSAQA?hl=en-US&gl=US&ceid=US%3Aen,https://lh3.googleusercontent.com/o_0lFl2fAPKjqOvEmyq_DraIlq59MNFVDNLSNrh50vsRoy80WGY_LS6qMIfsYuMs9B2XlBbJ=s0-h14-rp,Legacy.com,,2023-10-17 21:28:54.781759
1923: North polar areas are warming,,19 hours ago,2023-10-17 02:28:56.717999,news.google.com/./articles/CBMiSWh0dHBzOi8vd3d3LnBvc3RidWxsZXRpbi5jb20vY29tbXVuaXR5LzE5MjMtbm9ydGgtcG9sYXItYXJlYXMtYXJlLXdhcm1pbmfSAQA?hl=en-US&gl=US&ceid=US%3Aen,https://lh3.googleusercontent.com/sSDPIt5O95Uh34S9ZAQ_CpasjH3CRdEjbOhm4XCvZxW294UdsF3ouhror746IvQultU1U_-F=s0-h14-rp,Rochester Post Bulletin,,2023-10-17 21:28:54.781759
Sheikh Mohammed: 'Dubai a pivotal hub for tech' tomorrow and ...,,20 hours ago,2023-10-17 01:28:56.733940,news.google.com/./articles/CBMiU2h0dHBzOi8vd3d3LmVkZ2VtaWRkbGVlYXN0LmNvbS9naXRleC1nbG9iYWwvc2hlaWtoLW1vaGFtbWVkLW9wZW5zLWdpdGV4LWdsb2JhbC0yMDIz0gEA?hl=en-US&gl=US&ceid=US%3Aen,https://lh3.googleusercontent.com/IlcdpfSQDwNHBMWvmyyGDZo9EQROI1GAgf2az69qItrWRTkbnEMK4j_mDeaV6wG_3brepm0JNQ=s0-h14-rp,Edge Middle East,,2023-10-17 21:28:54.781759
Estimation of Access to Safe Drinking Water to Households in ...,,20 hours ago,2023-10-17 01:28:56.732042,news.google.com/./articles/CBMiiwFodHRwczovL3d3dy5jdXJldXMuY29tL2FydGljbGVzLzE5Mzk2MS1lc3RpbWF0aW9uLW9mLWFjY2Vzcy10by1zYWZlLWRyaW5raW5nLXdhdGVyLXRvLWhvdXNlaG9sZHMtaW4tZXRhd2FoLWRpc3RyaWN0LWEtY3Jvc3Mtc2VjdGlvbmFsLXN0dWR50gEA?hl=en-US&gl=US&ceid=US%3Aen,"https://encrypted-tbn3.gstatic.com/faviconV2?url=https://www.cureus.com&client=NEWS_360&size=96&type=FAVICON&fallback_opts=TYPE,SIZE,URL",Cureus,,2023-10-17 21:28:54.781759
IBM Offers Research Internship in Artificial Intelligence,,20 hours ago,2023-10-17 01:28:56.717999,news.google.com/./articles/CBMiUmh0dHBzOi8vd3d3LmRxaW5kaWEuY29tL2libS1vZmZlcnMtcmVzZWFyY2gtaW50ZXJuc2hpcC1pbi1hcnRpZmljaWFsLWludGVsbGlnZW5jZS_SAVZodHRwczovL3d3dy5kcWluZGlhLmNvbS9pYm0tb2ZmZXJzLXJlc2VhcmNoLWludGVybnNoaXAtaW4tYXJ0aWZpY2lhbC1pbnRlbGxpZ2VuY2UvYW1wLw?hl=en-US&gl=US&ceid=US%3Aen,https://lh3.googleusercontent.com/proxy/RBYLTkztJAxlnhb7C2yj8zAdja94akOAqem6F1oHomn_lkBM48ZaqvX32JsLJQfYr5a2EE_z6x-l4KKwQpFEsc4ewRwmJDvq-DdlQnYnAIsxFWfka9Ou7KuQ3ly-6Jjdlndr8SFqSQItO2AOWSunPvrO71yqA5G4eM-4bEzkgppv2kZGh1bwSiEJ_pnX=s0-h14-rp,DATAQUEST,,2023-10-17 21:28:54.781759
"Multas millonarias a Indra, IBM y tres grandes empresas más: ""Crearon un entramado y estafaron al Estado""",,21 hours ago,2023-10-17 00:28:56.726487,news.google.com/./articles/CBMifmh0dHBzOi8vZWxjaWVycmVkaWdpdGFsLmNvbS9pbnZlc3RpZ2FjaW9uLzY5NjUyMzQzMy9tdWx0YXMtbWlsbG9uYXJpYXMtaW5kcmEtaWJtLWdyYW5kZXMtZW1wcmVzYXMtZW50cmFtYWRvLWVzdGFmYS1lc3RhZG8uaHRtbNIBggFodHRwczovL2VsY2llcnJlZGlnaXRhbC5jb20vYW1wL2ludmVzdGlnYWNpb24vNjk2NTIzNDMzL211bHRhcy1taWxsb25hcmlhcy1pbmRyYS1pYm0tZ3JhbmRlcy1lbXByZXNhcy1lbnRyYW1hZG8tZXN0YWZhLWVzdGFkby5odG1s?hl=en-US&gl=US&ceid=US%3Aen,https://lh3.googleusercontent.com/proxy/R-84W2cTkewKx4zOYC7aexe8niJxnUUAVlwrE5Ea_skgLA_JBNvzBwVctRfUkd9KwakZQGZB1F37eyOXiaIxrS4WW8WKJZ3KGzP4sawf2VZRoPWkOaRaZuAedt_nq5i0rhn_tRMEsaVS6jkfAubRqfPm1j6OH5WJb1aYIqU_68tmwmPSPiNmeOY2UkqK=s0-h14-rp,El Cierre Digital,,2023-10-17 21:28:54.781759
'You feel like your loved one was taken away unjustly:' Murder of ...,,22 hours ago,2023-10-16 23:28:56.724607,news.google.com/./articles/CBMihwFodHRwczovL3d3dy5uZXdzY2hhbm5lbDUuY29tL25ld3MveW91LWZlZWwtbGlrZS15b3VyLWxvdmVkLW9uZS13YXMtdGFrZW4tYXdheS11bmp1c3RseS1tdXJkZXItb2YtbG9uZ3RpbWUtdHN1LWVtcGxveWVlLXJlbWFpbnMtdW5zb2x2ZWTSAQA?hl=en-US&gl=US&ceid=US%3Aen,https://lh3.googleusercontent.com/Sp-lgAIQNuzIBuAJUMu62rEIF8Oe9_n9O7UezdT4MEoy9-lerGXUq3VF_fyesSOM0F_iazaE=s0-h14-rp,News Channel 5 Nashville,,2023-10-17 21:28:54.781759
