title,desc,date,datetime,link,img,media,site,2023-10-17 23:17:49.446507
"Israel-Hamas war live updates: Israel denies targeting Gaza hospital, Palestinian leader Abbas cancels meeting with Biden",,1 hour ago,2023-10-17 22:17:51.398034,news.google.com/./articles/CBMiU2h0dHBzOi8vd3d3LmNuYmMuY29tLzIwMjMvMTAvMTcvaXNyYWVsLWhhbWFzLXdhci1nYXphLWxpdmUtdXBkYXRlcy1sYXRlc3QtbmV3cy5odG1s0gFXaHR0cHM6Ly93d3cuY25iYy5jb20vYW1wLzIwMjMvMTAvMTcvaXNyYWVsLWhhbWFzLXdhci1nYXphLWxpdmUtdXBkYXRlcy1sYXRlc3QtbmV3cy5odG1s?hl=en-US&gl=US&ceid=US%3Aen,https://lh3.googleusercontent.com/UEQEAUAyUNeb8PjnoA90xCxg3IIQc2RWP_EJNe4ljoowvxl8nR62HAdD_NTXlOFzSv1HEHfC=s0-h14-rp,CNBC,,2023-10-17 23:17:49.446507
Israel-Hamas war live: deadly Gaza hospital blast sparks protests across Middle East; Biden cancels Jordan visit,,1 hour ago,2023-10-17 22:17:51.397035,news.google.com/./articles/CBMijAFodHRwczovL3d3dy50aGVndWFyZGlhbi5jb20vd29ybGQvbGl2ZS8yMDIzL29jdC8xNy9pc3JhZWwtaGFtYXMtd2FyLWxpdmUtZ2F6YS1jaXR5LXVwZGF0ZS1uZXdzLXRvZGF5LWpvZS1iaWRlbi12aXNpdC1haWQtcGxhbi1sYXRlc3QtdXBkYXRlc9IBjAFodHRwczovL2FtcC50aGVndWFyZGlhbi5jb20vd29ybGQvbGl2ZS8yMDIzL29jdC8xNy9pc3JhZWwtaGFtYXMtd2FyLWxpdmUtZ2F6YS1jaXR5LXVwZGF0ZS1uZXdzLXRvZGF5LWpvZS1iaWRlbi12aXNpdC1haWQtcGxhbi1sYXRlc3QtdXBkYXRlcw?hl=en-US&gl=US&ceid=US%3Aen,https://lh3.googleusercontent.com/SU8FywVNtcrG-wgjvZ_0D1-3JR_pN9LNSgjULFH74N748KVyEdkF1jdbvP4Lr7_ClbPZxL-iPw=s0-h14-rp,The Guardian,,2023-10-17 23:17:49.446507
UN Security Council to vote Wednesday on Israel-Gaza conflict,,3 hours ago,2023-10-17 20:17:51.403037,news.google.com/./articles/CBMibWh0dHBzOi8vd3d3LnJldXRlcnMuY29tL3dvcmxkL21pZGRsZS1lYXN0L3VuLXNlY3VyaXR5LWNvdW5jaWwtdm90ZS13ZWRuZXNkYXktaXNyYWVsLWdhemEtY29uZmxpY3QtMjAyMy0xMC0xNy_SAQA?hl=en-US&gl=US&ceid=US%3Aen,https://lh3.googleusercontent.com/_AzfrIDK0Y2J1UxMf2Vsk_jplo_b1FNy-wN0SSwukEJcPYmVFYFXdE-7vUECL8snyZJXUN5dR94=s0-h14-rp,Reuters,,2023-10-17 23:17:49.446507
"DOD Increases Deterrence Posture in Middle East, Continues Aid to ...",,3 hours ago,2023-10-17 20:17:51.400037,news.google.com/./articles/CBMiigFodHRwczovL3d3dy5kZWZlbnNlLmdvdi9OZXdzL05ld3MtU3Rvcmllcy9BcnRpY2xlL0FydGljbGUvMzU2MDQzMi9kb2QtaW5jcmVhc2VzLWRldGVycmVuY2UtcG9zdHVyZS1pbi1taWRkbGUtZWFzdC1jb250aW51ZXMtYWlkLXRvLWlzcmFlbC_SAQA?hl=en-US&gl=US&ceid=US%3Aen,"https://encrypted-tbn1.gstatic.com/faviconV2?url=https://www.defense.gov&client=NEWS_360&size=96&type=FAVICON&fallback_opts=TYPE,SIZE,URL",Department of Defense,,2023-10-17 23:17:49.446507
Biden considering $100 bln funding request that includes Israel ...,,4 hours ago,2023-10-17 19:17:51.406036,news.google.com/./articles/CBMidGh0dHBzOi8vd3d3LnJldXRlcnMuY29tL3dvcmxkL2JpZGVuLWNvbnNpZGVyaW5nLTEwMC1ibG4tZnVuZGluZy1yZXF1ZXN0LXRoYXQtaW5jbHVkZXMtaXNyYWVsLXVrcmFpbmUtYWlkLTIwMjMtMTAtMTcv0gEA?hl=en-US&gl=US&ceid=US%3Aen,https://lh3.googleusercontent.com/_AzfrIDK0Y2J1UxMf2Vsk_jplo_b1FNy-wN0SSwukEJcPYmVFYFXdE-7vUECL8snyZJXUN5dR94=s0-h14-rp,Reuters,,2023-10-17 23:17:49.446507
Nonprofit that flew Americans from Israel to Florida for DeSantis releases new details,,4 hours ago,2023-10-17 19:17:51.403037,news.google.com/./articles/CBMiWWh0dHBzOi8vd3d3Lm1pYW1paGVyYWxkLmNvbS9uZXdzL3BvbGl0aWNzLWdvdmVybm1lbnQvc3RhdGUtcG9saXRpY3MvYXJ0aWNsZTI4MDYwNjkxNC5odG1s0gFZaHR0cHM6Ly9hbXAubWlhbWloZXJhbGQuY29tL25ld3MvcG9saXRpY3MtZ292ZXJubWVudC9zdGF0ZS1wb2xpdGljcy9hcnRpY2xlMjgwNjA2OTE0Lmh0bWw?hl=en-US&gl=US&ceid=US%3Aen,https://lh3.googleusercontent.com/xJ9U6T1jA2GJDMoek-1We7Bo28MXJ1DhdjQ2_9Xto_I-CULh49QyCur4cMkPRKpoT9KoqleJKdI=s0-h14-rp,Miami Herald,,2023-10-17 23:17:49.446507
Canadian prime minister calls reported Israeli strike on hospital ...,,4 hours ago,2023-10-17 19:17:51.402036,news.google.com/./articles/CBMibGh0dHBzOi8vd3d3LnJldXRlcnMuY29tL3dvcmxkL2NhbmFkaWFuLXByaW1lLW1pbmlzdGVyLWNhbGxzLWlzcmFlbGktc3RyaWtlLWhvc3BpdGFsLXVuYWNjZXB0YWJsZS0yMDIzLTEwLTE3L9IBAA?hl=en-US&gl=US&ceid=US%3Aen,https://lh3.googleusercontent.com/_AzfrIDK0Y2J1UxMf2Vsk_jplo_b1FNy-wN0SSwukEJcPYmVFYFXdE-7vUECL8snyZJXUN5dR94=s0-h14-rp,Reuters,,2023-10-17 23:17:49.446507
Biden's Middle East goal: Back Israel and don't get sucked into war,,4 hours ago,2023-10-17 19:17:51.401028,news.google.com/./articles/CBMibmh0dHBzOi8vd3d3LnBvbGl0aWNvLmNvbS9uZXdzLzIwMjMvMTAvMTcvYmlkZW5zLW1pZGVhc3QtZ29hbC1iYWNrLWlzcmFlbC1hbmQtZG9udC1nZXQtc3Vja2VkLWludG8td2FyLTAwMTIyMDY10gEA?hl=en-US&gl=US&ceid=US%3Aen,https://lh3.googleusercontent.com/WC9CIq9bWAC1AdOgyg7Iq6AMFkJfFjCN8QDCmUkctzq7krjzoOr6qEz2OJ4wLr8T7FLHXDFsMw=s0-h14-rp,POLITICO,,2023-10-17 23:17:49.446507
Israel Instagram account blasts Gigi Hadid,,5 hours ago,2023-10-17 18:17:51.410309,news.google.com/./articles/CBMiWWh0dHBzOi8vdGhlaGlsbC5jb20vYmxvZ3MvaW4tdGhlLWtub3cvNDI2MTE5NC1pc3JhZWwtaW5zdGFncmFtLWFjY291bnQtYmxhc3RzLWdpZ2ktaGFkaWQv0gFdaHR0cHM6Ly90aGVoaWxsLmNvbS9ibG9ncy9pbi10aGUta25vdy80MjYxMTk0LWlzcmFlbC1pbnN0YWdyYW0tYWNjb3VudC1ibGFzdHMtZ2lnaS1oYWRpZC9hbXAv?hl=en-US&gl=US&ceid=US%3Aen,https://lh3.googleusercontent.com/4GIV6VDGgeRBBo20kfZHEFjDrgPr1lxJmvxB32KUmZWsAU54y7SD2dfT385jXBnmdBoBMaM29A=s0-h14-rp,The Hill,,2023-10-17 23:17:49.446507
The Israel-Hamas War Is Testing China's Diplomatic Strategy,,5 hours ago,2023-10-17 18:17:51.402036,news.google.com/./articles/CBMiVmh0dHBzOi8vZm9yZWlnbnBvbGljeS5jb20vMjAyMy8xMC8xNy9pc3JhZWwtaGFtYXMtd2FyLXBhbGVzdGluZS1nYXphLWNoaW5hLXhpLWppbnBpbmcv0gEA?hl=en-US&gl=US&ceid=US%3Aen,"https://encrypted-tbn1.gstatic.com/faviconV2?url=https://foreignpolicy.com&client=NEWS_360&size=96&type=FAVICON&fallback_opts=TYPE,SIZE,URL",Foreign Policy,,2023-10-17 23:17:49.446507
A guide to Elon Musk's latest battle over disinformation on X,,5 hours ago,2023-10-17 18:17:51.397035,news.google.com/./articles/CBMiYGh0dHBzOi8vd3d3LnZveC5jb20vdGVjaG5vbG9neS8yMDIzLzEwLzE3LzIzOTIxMjE5L3gtdHdpdHRlci1ldXJvcGUtZGlzaW5mb3JtYXRpb24taW52ZXN0aWdhdGlvbtIBAA?hl=en-US&gl=US&ceid=US%3Aen,https://lh3.googleusercontent.com/Gg0cXcWKtjEfM_QT3nCzDrPhDP6mq4HDLESLpJJP2AeDzEFwctQi5h-EMSQk6wKta3PfaLz1bzU=s0-h14-rp,Vox.com,,2023-10-17 23:17:49.446507
"Biden has 'tough questions' for Netanyahu, Gaza strike upends ...",,5 hours ago,2023-10-17 18:17:51.394893,news.google.com/./articles/CBMibmh0dHBzOi8vd3d3LnJldXRlcnMuY29tL3dvcmxkL21pZGRsZS1lYXN0L2dhemEtaG9zcGl0YWwtc3RyaWtlLWNvbXBsaWNhdGVzLXJpc2t5LWJpZGVuLXRyaXAtaXNyYWVsLTIwMjMtMTAtMTcv0gEA?hl=en-US&gl=US&ceid=US%3Aen,"https://encrypted-tbn2.gstatic.com/faviconV2?url=https://www.reuters.com&client=NEWS_360&size=96&type=FAVICON&fallback_opts=TYPE,SIZE,URL",Reuters,,2023-10-17 23:17:49.446507
Tlaib criticizes Biden after Israel strikes hospital in Gaza: 'We will ...,,6 hours ago,2023-10-17 17:17:51.410036,news.google.com/./articles/CBMiiQFodHRwczovL3RoZWhpbGwuY29tL2hvbWVuZXdzL2hvdXNlLzQyNjA5NzItdGxhaWItY3JpdGljaXplcy1iaWRlbi1hZnRlci1pc3JhZWwtc3RyaWtlcy1ob3NwaXRhbC1pbi1nYXphLXdlLXdpbGwtcmVtZW1iZXItd2hlcmUteW91LXN0b29kL9IBAA?hl=en-US&gl=US&ceid=US%3Aen,https://lh3.googleusercontent.com/4GIV6VDGgeRBBo20kfZHEFjDrgPr1lxJmvxB32KUmZWsAU54y7SD2dfT385jXBnmdBoBMaM29A=s0-h14-rp,The Hill,,2023-10-17 23:17:49.446507
At least 15 journalists killed in Hamas-Israel war,,6 hours ago,2023-10-17 17:17:51.400037,news.google.com/./articles/CBMiU2h0dHBzOi8vd3d3LmF4aW9zLmNvbS8yMDIzLzEwLzE2L2F0LWxlYXN0LTE1LWpvdXJuYWxpc3RzLWtpbGxlZC1pbi1oYW1hcy1pc3JhZWwtd2Fy0gEA?hl=en-US&gl=US&ceid=US%3Aen,https://lh3.googleusercontent.com/l85lUZ33FMIg2XGtWUFSQsRjWkxTQE_JPUVzDezzc7JDHPJO0PZgRCyNWe67UZZCQaNx6K97=s0-h14-rp,Axios,,2023-10-17 23:17:49.446507
The Israel-Hamas War: The Humanitarian Crisis in Gaza,,6 hours ago,2023-10-17 17:17:51.394893,news.google.com/./articles/CBMiRmh0dHBzOi8vd3d3LmNmci5vcmcvaW4tYnJpZWYvaXNyYWVsLWhhbWFzLXdhci1odW1hbml0YXJpYW4tY3Jpc2lzLWdhemHSAQA?hl=en-US&gl=US&ceid=US%3Aen,https://lh3.googleusercontent.com/ibiyHtYjfbtn4xeQEMYgnAqNArpmYG2O8_aWesl_z4kSwm9Ee3aYfRgchNToxIPQmCz3mjiJAQ=s0-h14-rp,Council on Foreign Relations,,2023-10-17 23:17:49.446507
Free meals for Israeli soldiers divide McDonald's franchises over ...,,7 hours ago,2023-10-17 16:17:51.415444,news.google.com/./articles/CBMigwFodHRwczovL3d3dy5yZXV0ZXJzLmNvbS93b3JsZC9taWRkbGUtZWFzdC9mcmVlLW1lYWxzLWlzcmFlbGktc29sZGllcnMtZGl2aWRlLW1jZG9uYWxkcy1mcmFuY2hpc2VzLW92ZXItaXNyYWVsLWhhbWFzLXdhci0yMDIzLTEwLTE3L9IBAA?hl=en-US&gl=US&ceid=US%3Aen,"https://encrypted-tbn2.gstatic.com/faviconV2?url=https://www.reuters.com&client=NEWS_360&size=96&type=FAVICON&fallback_opts=TYPE,SIZE,URL",Reuters,,2023-10-17 23:17:49.446507
Scoop: White House has discussed U.S. military response if ...,,7 hours ago,2023-10-17 16:17:51.415444,news.google.com/./articles/CBMiSmh0dHBzOi8vd3d3LmF4aW9zLmNvbS8yMDIzLzEwLzE3L2lzcmFlbC1uZXdzLXVzLW1pbGl0YXJ5LWhlemJvbGxhaC1hdHRhY2tz0gEA?hl=en-US&gl=US&ceid=US%3Aen,https://lh3.googleusercontent.com/l85lUZ33FMIg2XGtWUFSQsRjWkxTQE_JPUVzDezzc7JDHPJO0PZgRCyNWe67UZZCQaNx6K97=s0-h14-rp,Axios,,2023-10-17 23:17:49.446507
Opinion | What Joe Biden Did Right on Israel and Hamas,,7 hours ago,2023-10-17 16:17:51.414449,news.google.com/./articles/CBMiR2h0dHBzOi8vd3d3Lm55dGltZXMuY29tLzIwMjMvMTAvMTcvb3Bpbmlvbi9iaWRlbi1pc3JhZWwtbGVhZGVyc2hpcC5odG1s0gEA?hl=en-US&gl=US&ceid=US%3Aen,https://lh3.googleusercontent.com/tDFSwtr61ZReDD_jw6kEPWegHMSqGEHx-ZS_t-e10We-GfWEPVYkn0uLk_Vn8XQHg8wcnhMWmug=s0-h14-rp,The New York Times,,2023-10-17 23:17:49.446507
First batch of U.S. citizens leaving Israel arrive in Cyprus by boat,,7 hours ago,2023-10-17 16:17:51.412452,news.google.com/./articles/CBMiZmh0dHBzOi8vd3d3LnJldXRlcnMuY29tL3dvcmxkL2ZpcnN0LWJhdGNoLXVzLWNpdGl6ZW5zLWxlYXZpbmctaXNyYWVsLWFycml2ZS1jeXBydXMtYnktYm9hdC0yMDIzLTEwLTE3L9IBAA?hl=en-US&gl=US&ceid=US%3Aen,https://lh3.googleusercontent.com/_AzfrIDK0Y2J1UxMf2Vsk_jplo_b1FNy-wN0SSwukEJcPYmVFYFXdE-7vUECL8snyZJXUN5dR94=s0-h14-rp,Reuters,,2023-10-17 23:17:49.446507
‘He’s unfit’: Israel fiercely divided over Netanyahu’s hostage response,,7 hours ago,2023-10-17 16:17:51.409036,news.google.com/./articles/CBMicGh0dHBzOi8vd3d3LnRoZWd1YXJkaWFuLmNvbS93b3JsZC8yMDIzL29jdC8xNy9oZXMtdW5maXQtaXNyYWVsLWZpZXJjZWx5LWRpdmlkZWQtb3Zlci1uZXRhbnlhaHVzLWhvc3RhZ2UtcmVzcG9uc2XSAXBodHRwczovL2FtcC50aGVndWFyZGlhbi5jb20vd29ybGQvMjAyMy9vY3QvMTcvaGVzLXVuZml0LWlzcmFlbC1maWVyY2VseS1kaXZpZGVkLW92ZXItbmV0YW55YWh1cy1ob3N0YWdlLXJlc3BvbnNl?hl=en-US&gl=US&ceid=US%3Aen,https://lh3.googleusercontent.com/SU8FywVNtcrG-wgjvZ_0D1-3JR_pN9LNSgjULFH74N748KVyEdkF1jdbvP4Lr7_ClbPZxL-iPw=s0-h14-rp,The Guardian,,2023-10-17 23:17:49.446507
EU leaders to focus on fallout from Hamas attack on Israel,,7 hours ago,2023-10-17 16:17:51.401028,news.google.com/./articles/CBMiVmh0dHBzOi8vd3d3LnJldXRlcnMuY29tL3dvcmxkL2V1LWxlYWRlcnMtZm9jdXMtZmFsbG91dC1oYW1hcy1hdHRhY2staXNyYWVsLTIwMjMtMTAtMTcv0gEA?hl=en-US&gl=US&ceid=US%3Aen,https://lh3.googleusercontent.com/_AzfrIDK0Y2J1UxMf2Vsk_jplo_b1FNy-wN0SSwukEJcPYmVFYFXdE-7vUECL8snyZJXUN5dR94=s0-h14-rp,Reuters,,2023-10-17 23:17:49.446507
What Putin Stands to Gain From Israel-Hamas War,,7 hours ago,2023-10-17 16:17:51.401028,news.google.com/./articles/CBMiSGh0dHBzOi8vZm9yZWlnbnBvbGljeS5jb20vMjAyMy8xMC8xNy9wdXRpbi1ydXNzaWEtaXNyYWVsLWhhbWFzLXdhci1nYXphL9IBAA?hl=en-US&gl=US&ceid=US%3Aen,"https://encrypted-tbn1.gstatic.com/faviconV2?url=https://foreignpolicy.com&client=NEWS_360&size=96&type=FAVICON&fallback_opts=TYPE,SIZE,URL",Foreign Policy,,2023-10-17 23:17:49.446507
Why are Israel and Hamas at war? A basic explainer.,,7 hours ago,2023-10-17 16:17:51.397035,news.google.com/./articles/CBMiV2h0dHBzOi8vd3d3Lndhc2hpbmd0b25wb3N0LmNvbS93b3JsZC8yMDIzLzEwLzE3L2lzcmFlbC1oYW1hcy13YXItcmVhc29uLWV4cGxhaW5lZC1nYXphL9IBAA?hl=en-US&gl=US&ceid=US%3Aen,https://lh3.googleusercontent.com/xkxhhmIcX17VMwusXl2s4VSgJXtQpnU43BCW3Xfi-Jrd-A05vsq0sfcc3cttfxac5dVc8Z2_CXc=s0-h14-rp,The Washington Post,,2023-10-17 23:17:49.446507
Israel-Hamas war: Is the two-state solution dead?,,8 hours ago,2023-10-17 15:17:51.419452,news.google.com/./articles/CBMiVmh0dHBzOi8vbmV3cy5ub3J0aGVhc3Rlcm4uZWR1LzIwMjMvMTAvMTcvbWFnYXppbmUvdHdvLXN0YXRlLXNvbHV0aW9uLWlzcmFlbC1wYWxlc3RpbmUv0gEA?hl=en-US&gl=US&ceid=US%3Aen,"https://encrypted-tbn2.gstatic.com/faviconV2?url=https://news.northeastern.edu&client=NEWS_360&size=96&type=FAVICON&fallback_opts=TYPE,SIZE,URL",Northeastern University,,2023-10-17 23:17:49.446507
Tensions surge at US universities as students rally over Israel-Hamas war,,8 hours ago,2023-10-17 15:17:51.413455,news.google.com/./articles/CBMic2h0dHBzOi8vd3d3LmFsamF6ZWVyYS5jb20vbmV3cy8yMDIzLzEwLzE3L3RlbnNpb25zLXN1cmdlLWF0LXVzLXVuaXZlcnNpdGllcy1hcy1zdHVkZW50cy1yYWxseS1vdmVyLWlzcmFlbC1oYW1hcy13YXLSAXdodHRwczovL3d3dy5hbGphemVlcmEuY29tL2FtcC9uZXdzLzIwMjMvMTAvMTcvdGVuc2lvbnMtc3VyZ2UtYXQtdXMtdW5pdmVyc2l0aWVzLWFzLXN0dWRlbnRzLXJhbGx5LW92ZXItaXNyYWVsLWhhbWFzLXdhcg?hl=en-US&gl=US&ceid=US%3Aen,https://lh3.googleusercontent.com/l-Ps9rkWuApN8G3MB5uZC_a5G7iKCTITjMdpZFhm2rQf3U2M2Yr_KTYpzpmOPxDiUKgb9yN9ha8=s0-h14-rp,Al Jazeera English,,2023-10-17 23:17:49.446507
Jordan warns Middle East is at edge of 'abyss',,8 hours ago,2023-10-17 15:17:51.411452,news.google.com/./articles/CBMiP2h0dHBzOi8vd3d3LmZ0LmNvbS9jb250ZW50LzAzZWVmNzQ1LTY4MjEtNGEzZC1hNDI4LTIzMWYxZjkwYzI1MtIBAA?hl=en-US&gl=US&ceid=US%3Aen,https://lh3.googleusercontent.com/281oPpXmEcGU9cV4N2LudyLEG2aBqbqG2iDoMoXUXKl-SWD4AUdO5652KVTGNmcduSWZB_7j=s0-h14-rp,Financial Times,,2023-10-17 23:17:49.446507
How Does Israel's Last Invasion of Gaza Compare to Now?,,8 hours ago,2023-10-17 15:17:51.410309,news.google.com/./articles/CBMiXmh0dHBzOi8vd3d3LnZvYW5ld3MuY29tL2EvaG93LWRvZXMtaXNyYWVsLXMtbGFzdC1pbnZhc2lvbi1vZi1nYXphLWNvbXBhcmUtdG8tbm93LS83MzE0NzAwLmh0bWzSAWBodHRwczovL3d3dy52b2FuZXdzLmNvbS9hbXAvaG93LWRvZXMtaXNyYWVsLXMtbGFzdC1pbnZhc2lvbi1vZi1nYXphLWNvbXBhcmUtdG8tbm93LS83MzE0NzAwLmh0bWw?hl=en-US&gl=US&ceid=US%3Aen,https://lh3.googleusercontent.com/proxy/j-l1APd3QQ-0Mwq0igDckh1yBMcexx5zY8fCe7JtcrU3pugJsd2zCfDLEkwsGByS8W25hYRi1g2-POLUUrAdhUaKKr5EGrpuYCr-RXqdJPRaaup1cl_WZALIA7JwM28HX4Og6YhiabLJGBmRld13ZkC2xZbGGCObLhWqV9kuO1WJISRMt_p0Nb7aO1cy=s0-h14-rp,Voice of America - VOA News,,2023-10-17 23:17:49.446507
Iran’s Khamenei demands Israel stop bombardment of Gaza,,8 hours ago,2023-10-17 15:17:51.408031,news.google.com/./articles/CBMic2h0dHBzOi8vd3d3LmFsamF6ZWVyYS5jb20vbmV3cy8yMDIzLzEwLzE3L2lyYW5zLWtoYW1lbmVpLXdhcm5zLWlzcmFlbC10aGF0LWJvbWJhcmRtZW50LW9mLWdhemEtY291bGQtYnJpbmctcmVzcG9uc2XSAXdodHRwczovL3d3dy5hbGphemVlcmEuY29tL2FtcC9uZXdzLzIwMjMvMTAvMTcvaXJhbnMta2hhbWVuZWktd2FybnMtaXNyYWVsLXRoYXQtYm9tYmFyZG1lbnQtb2YtZ2F6YS1jb3VsZC1icmluZy1yZXNwb25zZQ?hl=en-US&gl=US&ceid=US%3Aen,https://lh3.googleusercontent.com/l-Ps9rkWuApN8G3MB5uZC_a5G7iKCTITjMdpZFhm2rQf3U2M2Yr_KTYpzpmOPxDiUKgb9yN9ha8=s0-h14-rp,Al Jazeera English,,2023-10-17 23:17:49.446507
"Rishi Sunak could visit Israel as soon as Thursday, Sky News understands",,8 hours ago,2023-10-17 15:17:51.407036,news.google.com/./articles/CBMia2h0dHBzOi8vbmV3cy5za3kuY29tL3N0b3J5L3Jpc2hpLXN1bmFrLWNvdWxkLXZpc2l0LWlzcmFlbC1hcy1zb29uLWFzLXRodXJzZGF5LXNreS1uZXdzLXVuZGVyc3RhbmRzLTEyOTg2NDQz0gFvaHR0cHM6Ly9uZXdzLnNreS5jb20vc3RvcnkvYW1wL3Jpc2hpLXN1bmFrLWNvdWxkLXZpc2l0LWlzcmFlbC1hcy1zb29uLWFzLXRodXJzZGF5LXNreS1uZXdzLXVuZGVyc3RhbmRzLTEyOTg2NDQz?hl=en-US&gl=US&ceid=US%3Aen,https://lh3.googleusercontent.com/proxy/zY2fML2NI5v4zQSMv8J8AuNa-BD8wkEdIvbpCSeITydv5FvWbBgFMDK-4UNJNjCy8YnG6EwiHTwBqwklYZGq7dqrR6wiE8e55pxj-T6xa7xvHZqAm6Puvic8cIzRUEQkeIUiUaRH0SR-88Iz7vnGJC3NfW72xTfAdikuOfGquKDOVX0JqyvnCfTalx5T=s0-h14-rp,Sky News,,2023-10-17 23:17:49.446507
Hamas admits Israel killed a top commander,,8 hours ago,2023-10-17 15:17:51.404033,news.google.com/./articles/CBMiVmh0dHBzOi8vd3d3LnBvbGl0aWNvLmV1L2FydGljbGUvYXltYW4tbm9mYWwtYWJ1LWFobWFkLWNvbW1hbmRlci1kZWFkLWlzcmFlbC1oYW1hcy13YXIv0gEA?hl=en-US&gl=US&ceid=US%3Aen,https://lh3.googleusercontent.com/jIzBQZ5BrrRpSdArkVDbVdX9sySejIneiU-gCvjpQ0kheRMnYd1jM4U7YVNQKB_HjyyrnNBuVw=s0-h14-rp,POLITICO Europe,,2023-10-17 23:17:49.446507
Why Fed officials aren’t addressing the Israel-Hamas war the way they did with Ukraine,,9 hours ago,2023-10-17 14:17:51.421451,news.google.com/./articles/CBMiUmh0dHBzOi8vd3d3LmNubi5jb20vMjAyMy8xMC8xNy9lY29ub215L2lzcmFlbC1oYW1hcy13YXItZmVkZXJhbC1yZXNlcnZlL2luZGV4Lmh0bWzSAVZodHRwczovL2FtcC5jbm4uY29tL2Nubi8yMDIzLzEwLzE3L2Vjb25vbXkvaXNyYWVsLWhhbWFzLXdhci1mZWRlcmFsLXJlc2VydmUvaW5kZXguaHRtbA?hl=en-US&gl=US&ceid=US%3Aen,https://lh3.googleusercontent.com/8zdvTbISHUn-4iHkauW-_yQSGPD9BMrx9EWfqTIhiVm2YMYqhHC1HJWNDQoSOkMk0MRPYKxjIg=s0-h14-rp,CNN,,2023-10-17 23:17:49.446507
The laws of war must guide Israel's response to Hamas atrocity,,9 hours ago,2023-10-17 14:17:51.404033,news.google.com/./articles/CBMiP2h0dHBzOi8vd3d3LmZ0LmNvbS9jb250ZW50LzlmMWIxOTBkLWM5NTUtNDM4MS1hNmY1LWFiNGEyYmYxYzMyY9IBAA?hl=en-US&gl=US&ceid=US%3Aen,https://lh3.googleusercontent.com/281oPpXmEcGU9cV4N2LudyLEG2aBqbqG2iDoMoXUXKl-SWD4AUdO5652KVTGNmcduSWZB_7j=s0-h14-rp,Financial Times,,2023-10-17 23:17:49.446507
Aid still unreachable after Israel bombs region where civilians were told to flee,,9 hours ago,2023-10-17 14:17:51.393650,news.google.com/./articles/CBMidGh0dHBzOi8vd3d3LnBicy5vcmcvbmV3c2hvdXIvd29ybGQvYWlkLXN0aWxsLXVucmVhY2hhYmxlLWFmdGVyLWlzcmFlbC1ib21icy1yZWdpb24td2hlcmUtY2l2aWxpYW5zLXdlcmUtdG9sZC10by1mbGVl0gF4aHR0cHM6Ly93d3cucGJzLm9yZy9uZXdzaG91ci9hbXAvd29ybGQvYWlkLXN0aWxsLXVucmVhY2hhYmxlLWFmdGVyLWlzcmFlbC1ib21icy1yZWdpb24td2hlcmUtY2l2aWxpYW5zLXdlcmUtdG9sZC10by1mbGVl?hl=en-US&gl=US&ceid=US%3Aen,https://lh3.googleusercontent.com/evQbdgl9S9__Lw_AVh8bHzH_qSc3q_jmmqqxEvpxv91wFCiJBjLyT994koTvEAoabt7Ze2qT_Q=s0-h14-rp,PBS NewsHour,,2023-10-17 23:17:49.446507
"Malaysia pulls out of Frankfurt book fair, blaming organisation’s pro-Israel stance",,10 hours ago,2023-10-17 13:17:51.415444,news.google.com/./articles/CBMif2h0dHBzOi8vd3d3LnRoZWd1YXJkaWFuLmNvbS9ib29rcy8yMDIzL29jdC8xNy9tYWxheXNpYS1wdWxscy1vdXQtb2YtZnJhbmtmdXJ0LWJvb2stZmFpci1ibGFtaW5nLW9yZ2FuaXNhdGlvbnMtcHJvLWlzcmFlbC1zdGFuY2XSAX9odHRwczovL2FtcC50aGVndWFyZGlhbi5jb20vYm9va3MvMjAyMy9vY3QvMTcvbWFsYXlzaWEtcHVsbHMtb3V0LW9mLWZyYW5rZnVydC1ib29rLWZhaXItYmxhbWluZy1vcmdhbmlzYXRpb25zLXByby1pc3JhZWwtc3RhbmNl?hl=en-US&gl=US&ceid=US%3Aen,https://lh3.googleusercontent.com/SU8FywVNtcrG-wgjvZ_0D1-3JR_pN9LNSgjULFH74N748KVyEdkF1jdbvP4Lr7_ClbPZxL-iPw=s0-h14-rp,The Guardian,,2023-10-17 23:17:49.446507
Israel: Warning to avoid all but essential travel as some flights resume,,10 hours ago,2023-10-17 13:17:51.412452,news.google.com/./articles/CBMidWh0dHBzOi8vd3d3LmV1cm9uZXdzLmNvbS90cmF2ZWwvMjAyMy8xMC8xNy9zdXNwZW5kZWQtZmxpZ2h0cy1hbmQtaW5zdXJhbmNlLXdoYXQtdG8ta25vdy1hYm91dC10cmF2ZWwtaXNyYWVsLXJpZ2h0LW5vd9IBAA?hl=en-US&gl=US&ceid=US%3Aen,https://lh3.googleusercontent.com/dDXRCHYvgF00H8KgCzNNfOyKnYuPV2iuTz2kQ6KtXFQDIqgex3VcECy9Qpn0uoYg7_6mCgAFgA=s0-h14-rp,Euronews,,2023-10-17 23:17:49.446507
WATCH: Scholz: Germany will always stand 'alongside Israel'; PM ...,,10 hours ago,2023-10-17 13:17:51.411452,news.google.com/./articles/CBMieGh0dHBzOi8vd3d3LnRpbWVzb2Zpc3JhZWwuY29tL2xpdmVibG9nX2VudHJ5L2Fsb25nc2lkZS1uZXRhbnlhaHUtc2Nob2x6LXNheXMtZ2VybWFueS13aWxsLWFsd2F5cy1zdGFuZC1hbG9uZ3NpZGUtaXNyYWVsL9IBAA?hl=en-US&gl=US&ceid=US%3Aen,https://lh3.googleusercontent.com/KL7VFUdHpnRzWYFwHNMM0Mui8KZ2POO9h_bhISFR8jJpS5s8hImnur4ZeGoyeAEtfzrWvAkLBg=s0-h14-rp,The Times of Israel,,2023-10-17 23:17:49.446507
"Gaza families ordered south return home, say nowhere is safe from ...",,10 hours ago,2023-10-17 13:17:51.406036,news.google.com/./articles/CBMif2h0dHBzOi8vd3d3LnJldXRlcnMuY29tL3dvcmxkL21pZGRsZS1lYXN0L2dhemEtZmFtaWxpZXMtb3JkZXJlZC1zb3V0aC1yZXR1cm4taG9tZS1zYXktbm93aGVyZS1pcy1zYWZlLWlzcmFlbGktYm9tYnMtMjAyMy0xMC0xNy_SAQA?hl=en-US&gl=US&ceid=US%3Aen,"https://encrypted-tbn2.gstatic.com/faviconV2?url=https://www.reuters.com&client=NEWS_360&size=96&type=FAVICON&fallback_opts=TYPE,SIZE,URL",Reuters,,2023-10-17 23:17:49.446507
Clashes at Lebanon-Israel border raise fears of wider war,,10 hours ago,2023-10-17 13:17:51.400037,news.google.com/./articles/CBMiYWh0dHBzOi8vd3d3LmNubi5jb20vMjAyMy8xMC8xNi9taWRkbGVlYXN0L2xlYmFub24taXNyYWVsLWhlemJvbGxhaC1ib3JkZXItY2xhc2hlcy1pbnRsL2luZGV4Lmh0bWzSAWVodHRwczovL2FtcC5jbm4uY29tL2Nubi8yMDIzLzEwLzE2L21pZGRsZWVhc3QvbGViYW5vbi1pc3JhZWwtaGV6Ym9sbGFoLWJvcmRlci1jbGFzaGVzLWludGwvaW5kZXguaHRtbA?hl=en-US&gl=US&ceid=US%3Aen,https://lh3.googleusercontent.com/8zdvTbISHUn-4iHkauW-_yQSGPD9BMrx9EWfqTIhiVm2YMYqhHC1HJWNDQoSOkMk0MRPYKxjIg=s0-h14-rp,CNN,,2023-10-17 23:17:49.446507
Ford carrier strike group deployment extended amid Israel-Hamas war,,10 hours ago,2023-10-17 13:17:51.398034,news.google.com/./articles/CBMieGh0dHBzOi8vd3d3Lm5hdnl0aW1lcy5jb20vbmV3cy95b3VyLW5hdnkvMjAyMy8xMC8xNy9mb3JkLWNhcnJpZXItc3RyaWtlLWdyb3VwLWRlcGxveW1lbnQtZXh0ZW5kZWQtYW1pZC1pc3JhZWwtaGFtYXMtd2FyL9IBAA?hl=en-US&gl=US&ceid=US%3Aen,"https://encrypted-tbn0.gstatic.com/faviconV2?url=https://www.navytimes.com&client=NEWS_360&size=96&type=FAVICON&fallback_opts=TYPE,SIZE,URL",NavyTimes.com,,2023-10-17 23:17:49.446507
Sderot Israelis evacuate ahead of Gaza ground offensive,,11 hours ago,2023-10-17 12:17:51.422447,news.google.com/./articles/CBMiVGh0dHBzOi8vd3d3Lndhc2hpbmd0b25wb3N0LmNvbS93b3JsZC8yMDIzLzEwLzE3L2lzcmFlbC1zZGVyb3Qtc291dGgtZXZhY3VhdGlvbi1nYXphL9IBAA?hl=en-US&gl=US&ceid=US%3Aen,https://lh3.googleusercontent.com/xkxhhmIcX17VMwusXl2s4VSgJXtQpnU43BCW3Xfi-Jrd-A05vsq0sfcc3cttfxac5dVc8Z2_CXc=s0-h14-rp,The Washington Post,,2023-10-17 23:17:49.446507
Who are the Americans killed in Israel?,,11 hours ago,2023-10-17 12:17:51.413455,news.google.com/./articles/CBMiRmh0dHBzOi8vd3d3LmFiYzI3LmNvbS9uYXRpb25hbC93aG8tYXJlLXRoZS1hbWVyaWNhbnMta2lsbGVkLWluLWlzcmFlbC_SAUpodHRwczovL3d3dy5hYmMyNy5jb20vbmF0aW9uYWwvd2hvLWFyZS10aGUtYW1lcmljYW5zLWtpbGxlZC1pbi1pc3JhZWwvYW1wLw?hl=en-US&gl=US&ceid=US%3Aen,https://lh3.googleusercontent.com/proxy/udF6Ufy1T4r4wScdkQPHGnYfUqvCNyzLwlVEcSNbqjLBZnMJbe4ZS904x3kEiYIDfx7RGpl6ksPLBhcRU1cyD1T8G7obCEtH4k6HGJGpoJ3jz4Ibvh2dRIdhyVtHvgLYrVOY9A_QCRCNAMB0ox4ejqbCmnG4qPrjW3vof1rx1WjSXW9SHR4NDRDwJQ=s0-h14-rp,ABC27,,2023-10-17 23:17:49.446507
What the World Can Learn From the History of Hamas,,11 hours ago,2023-10-17 12:17:51.413455,news.google.com/./articles/CBMiL2h0dHBzOi8vdGltZS5jb20vNjMyNDIyMS9oYW1hcy1vcmlnaW5zLWhpc3Rvcnkv0gEA?hl=en-US&gl=US&ceid=US%3Aen,https://lh3.googleusercontent.com/Xitxs7dGL78WNXqnqMPDISrJ4jcU18e16qz-YH7ui8AHbD4pJdw7bEFhTcbz4JsBIja9V-NrWQ=s0-h14-rp,TIME,,2023-10-17 23:17:49.446507
"Biden Will Visit Israel, and More",,11 hours ago,2023-10-17 12:17:51.405034,news.google.com/./articles/CBMiSGh0dHBzOi8vd3d3Lm55dGltZXMuY29tLzIwMjMvMTAvMTcvcG9kY2FzdHMvaGVhZGxpbmVzLW55dC1hdWRpby1hcHAuaHRtbNIBAA?hl=en-US&gl=US&ceid=US%3Aen,https://lh3.googleusercontent.com/tDFSwtr61ZReDD_jw6kEPWegHMSqGEHx-ZS_t-e10We-GfWEPVYkn0uLk_Vn8XQHg8wcnhMWmug=s0-h14-rp,The New York Times,,2023-10-17 23:17:49.446507
China and Russia criticize Israel as divisions with the West sharpen,,11 hours ago,2023-10-17 12:17:51.398034,news.google.com/./articles/CBMiYGh0dHBzOi8vd3d3LmNubi5jb20vMjAyMy8xMC8xNi9jaGluYS9jaGluYS1icmktZm9ydW0teGktamlucGluZy1wdXRpbi1ydXNzaWEtaW50bC1obmsvaW5kZXguaHRtbNIBZGh0dHBzOi8vYW1wLmNubi5jb20vY25uLzIwMjMvMTAvMTYvY2hpbmEvY2hpbmEtYnJpLWZvcnVtLXhpLWppbnBpbmctcHV0aW4tcnVzc2lhLWludGwtaG5rL2luZGV4Lmh0bWw?hl=en-US&gl=US&ceid=US%3Aen,https://lh3.googleusercontent.com/8zdvTbISHUn-4iHkauW-_yQSGPD9BMrx9EWfqTIhiVm2YMYqhHC1HJWNDQoSOkMk0MRPYKxjIg=s0-h14-rp,CNN,,2023-10-17 23:17:49.446507
Will Israel actually allow much-needed aid into Gaza?,,11 hours ago,2023-10-17 12:17:51.393650,news.google.com/./articles/CBMiXmh0dHBzOi8vd3d3LmFsamF6ZWVyYS5jb20vbmV3cy8yMDIzLzEwLzE3L3dpbGwtaXNyYWVsLWFjdHVhbGx5LWFsbG93LW11Y2gtbmVlZGVkLWFpZC1pbnRvLWdhemHSAWJodHRwczovL3d3dy5hbGphemVlcmEuY29tL2FtcC9uZXdzLzIwMjMvMTAvMTcvd2lsbC1pc3JhZWwtYWN0dWFsbHktYWxsb3ctbXVjaC1uZWVkZWQtYWlkLWludG8tZ2F6YQ?hl=en-US&gl=US&ceid=US%3Aen,https://lh3.googleusercontent.com/l-Ps9rkWuApN8G3MB5uZC_a5G7iKCTITjMdpZFhm2rQf3U2M2Yr_KTYpzpmOPxDiUKgb9yN9ha8=s0-h14-rp,Al Jazeera English,,2023-10-17 23:17:49.446507
"Israel news: 6 Canadians dead, 2 missing, Joly says",,12 hours ago,2023-10-17 11:17:51.420452,news.google.com/./articles/CBMiZmh0dHBzOi8vd3d3LmN0dm5ld3MuY2EvY2FuYWRhLzZ0aC1jYW5hZGlhbi1jb25maXJtZWQtZGVhZC0yLW1pc3NpbmctaW4taXNyYWVsLWhhbWFzLXdhci1qb2x5LTEuNjYwNDYwNdIBAA?hl=en-US&gl=US&ceid=US%3Aen,https://lh3.googleusercontent.com/hu2GYN2-PH8P_psn6coQd59XQo9ukJCdW-s_1n9qIL8cyL9Jq3fgWvRQI3TTlkYSfNSz6aRq=s0-h14-rp,CTV News,,2023-10-17 23:17:49.446507
Israel ambassador says there is ‘no humanitarian crisis’ in Gaza,,12 hours ago,2023-10-17 11:17:51.418447,news.google.com/./articles/CBMiX2h0dHBzOi8vdGhlaGlsbC5jb20vcG9saWN5L2ludGVybmF0aW9uYWwvNDI2MDAzOS1pc3JhZWwtYW1iYXNzYWRvci1uby1odW1hbml0YXJpYW4tY3Jpc2lzLWdhemEv0gFjaHR0cHM6Ly90aGVoaWxsLmNvbS9wb2xpY3kvaW50ZXJuYXRpb25hbC80MjYwMDM5LWlzcmFlbC1hbWJhc3NhZG9yLW5vLWh1bWFuaXRhcmlhbi1jcmlzaXMtZ2F6YS9hbXAv?hl=en-US&gl=US&ceid=US%3Aen,https://lh3.googleusercontent.com/4GIV6VDGgeRBBo20kfZHEFjDrgPr1lxJmvxB32KUmZWsAU54y7SD2dfT385jXBnmdBoBMaM29A=s0-h14-rp,The Hill,,2023-10-17 23:17:49.446507
Analysis: Ukraine Eyes Israel's New 'Iron Beam' Missile Defense ...,,12 hours ago,2023-10-17 11:17:51.418447,news.google.com/./articles/CBMiJ2h0dHBzOi8vd3d3Lmt5aXZwb3N0LmNvbS9hbmFseXNpcy8yMjgwNNIBAA?hl=en-US&gl=US&ceid=US%3Aen,"https://encrypted-tbn3.gstatic.com/faviconV2?url=https://www.kyivpost.com&client=NEWS_360&size=96&type=FAVICON&fallback_opts=TYPE,SIZE,URL",Kyiv Post,,2023-10-17 23:17:49.446507
Israel accuses Spain of siding with Hamas after ‘genocide’ accusation,,12 hours ago,2023-10-17 11:17:51.416450,news.google.com/./articles/CBMibWh0dHBzOi8vd3d3LmFsamF6ZWVyYS5jb20vbmV3cy8yMDIzLzEwLzE3L2lzcmFlbC1hY2N1c2VzLXNwYWluLW9mLXNpZGluZy13aXRoLWhhbWFzLWFmdGVyLWdlbm9jaWRlLWFjY3VzYXRpb27SAXFodHRwczovL3d3dy5hbGphemVlcmEuY29tL2FtcC9uZXdzLzIwMjMvMTAvMTcvaXNyYWVsLWFjY3VzZXMtc3BhaW4tb2Ytc2lkaW5nLXdpdGgtaGFtYXMtYWZ0ZXItZ2Vub2NpZGUtYWNjdXNhdGlvbg?hl=en-US&gl=US&ceid=US%3Aen,https://lh3.googleusercontent.com/l-Ps9rkWuApN8G3MB5uZC_a5G7iKCTITjMdpZFhm2rQf3U2M2Yr_KTYpzpmOPxDiUKgb9yN9ha8=s0-h14-rp,Al Jazeera English,,2023-10-17 23:17:49.446507
5 Things podcast: 2000 US troops to prepare to deploy in response ...,,12 hours ago,2023-10-17 11:17:51.416450,news.google.com/./articles/CBMifWh0dHBzOi8vd3d3LnVzYXRvZGF5LmNvbS9zdG9yeS9uZXdzL25hdGlvbi8yMDIzLzEwLzE3LzUtdGhpbmdzLXBvZGNhc3QtdXMtdHJvb3BzLXByZXBhcmUtZGVwbG95LWlzcmFlbC1oYW1hcy13YXIvNzEyMTMzMjkwMDcv0gEA?hl=en-US&gl=US&ceid=US%3Aen,https://lh3.googleusercontent.com/-azIrtjYWp_uW0mZr2EgCuDyyZ9WpFOIWNx3qM1wwCzV37NgmqATpNZGn9R0y8XklFku6Hhwz6w=s0-h14-rp,USA TODAY,,2023-10-17 23:17:49.446507
"Israel's Negev Bedouins, forgotten victims of the Hamas attack, rally ...",,13 hours ago,2023-10-17 10:17:51.417454,news.google.com/./articles/CBMigwFodHRwczovL3d3dy5mcmFuY2UyNC5jb20vZW4vbWlkZGxlLWVhc3QvMjAyMzEwMTctbmVnZXYtYmVkb3VpbnMtaXNyYWVsLXMtZm9yZ290dGVuLXZpY3RpbXMtb2YtdGhlLWhhbWFzLWF0dGFjay1yYWxseS10by1wcm92aWRlLWFpZNIBAA?hl=en-US&gl=US&ceid=US%3Aen,"https://encrypted-tbn2.gstatic.com/faviconV2?url=https://www.france24.com&client=NEWS_360&size=96&type=FAVICON&fallback_opts=TYPE,SIZE,URL",FRANCE 24 English,,2023-10-17 23:17:49.446507
"As Scholz Visits Israel, Germany's Special Commitment Faces the ...",,13 hours ago,2023-10-17 10:17:51.417454,news.google.com/./articles/CBMitwFodHRwczovL3d3dy5oYWFyZXR6LmNvbS9vcGluaW9uLzIwMjMtMTAtMTcvdHktYXJ0aWNsZS1vcGluaW9uLy5wcmVtaXVtL2FzLXNjaG9sei12aXNpdHMtaXNyYWVsLWdlcm1hbnlzLXNwZWNpYWwtY29tbWl0bWVudC1mYWNlcy10aGUtdWx0aW1hdGUtdGVzdC8wMDAwMDE4Yi0zZDIzLWQwN2QtYTk5Yi1mZGUzYzEyZjAwMDDSAQA?hl=en-US&gl=US&ceid=US%3Aen,https://lh3.googleusercontent.com/R7MjIbcgUP5cgv_2o4LLjOoBJZmxP9ra7tMRCUUbrLc9thQzKbxZuEuL_DZidSdY8dOVlMuDuQ=s0-h14-rp,Haaretz,,2023-10-17 23:17:49.446507
Governor Hochul Leads Bipartisan Coalition of Governors to Stand ...,,13 hours ago,2023-10-17 10:17:51.411452,news.google.com/./articles/CBMibWh0dHBzOi8vd3d3LmdvdmVybm9yLm55Lmdvdi9uZXdzL2dvdmVybm9yLWhvY2h1bC1sZWFkcy1iaXBhcnRpc2FuLWNvYWxpdGlvbi1nb3Zlcm5vcnMtc3RhbmQtc29saWRhcml0eS1pc3JhZWzSAQA?hl=en-US&gl=US&ceid=US%3Aen,"https://encrypted-tbn0.gstatic.com/faviconV2?url=https://www.governor.ny.gov&client=NEWS_360&size=96&type=FAVICON&fallback_opts=TYPE,SIZE,URL",ny.gov,,2023-10-17 23:17:49.446507
Gaza conditions worsen following Israeli onslaught after Hamas attack,,13 hours ago,2023-10-17 10:17:51.396034,news.google.com/./articles/CBMic2h0dHBzOi8vYWJjbmV3cy5nby5jb20vSW50ZXJuYXRpb25hbC9nYXphLWNvbmRpdGlvbnMtd29yc2VuLWlzcmFlbGktb25zbGF1Z2h0LWFmdGVyLWhhbWFzLWF0dGFjay9zdG9yeT9pZD0xMDQwMDg4OTXSAXdodHRwczovL2FiY25ld3MuZ28uY29tL2FtcC9JbnRlcm5hdGlvbmFsL2dhemEtY29uZGl0aW9ucy13b3JzZW4taXNyYWVsaS1vbnNsYXVnaHQtYWZ0ZXItaGFtYXMtYXR0YWNrL3N0b3J5P2lkPTEwNDAwODg5NQ?hl=en-US&gl=US&ceid=US%3Aen,https://lh3.googleusercontent.com/proxy/V0d6PzDACN2-0fdsz7y4bIJYa76wXs-uwFW4ySmdgZnnFnOM2N4ziUtQYjvZWtnof3fCk6MvTioEwYmdCYjHWGHc-ZOOxuH5qwX6oA5wp7IPa3KA6Wbl_PEVJRkYWR-tU36Cdys15zXPQy-XdWVYzi0-bPMpQZKoyX2SyETZq8_pDXD0-54j88EHMeTw=s0-h14-rp,ABC News,,2023-10-17 23:17:49.446507
"Israel-Gaza conflict: Deepening concern for civilians, as UN school ...",,14 hours ago,2023-10-17 09:17:51.422447,news.google.com/./articles/CBMiLGh0dHBzOi8vbmV3cy51bi5vcmcvZW4vc3RvcnkvMjAyMy8xMC8xMTQyNDMy0gEA?hl=en-US&gl=US&ceid=US%3Aen,"https://encrypted-tbn0.gstatic.com/faviconV2?url=https://news.un.org&client=NEWS_360&size=96&type=FAVICON&fallback_opts=TYPE,SIZE,URL",UN News,,2023-10-17 23:17:49.446507
Japan preparing for talks with Iran on Israel-Gaza war - foreign ...,,14 hours ago,2023-10-17 09:17:51.414449,news.google.com/./articles/CBMiX2h0dHBzOi8vd3d3LnJldXRlcnMuY29tL3dvcmxkL2phcGFuLWdpdmUtMTAtbWxuLWFpZC1nYXphLWNpdmlsaWFucy1mb3JlaWduLW1pbmlzdGVyLTIwMjMtMTAtMTcv0gEA?hl=en-US&gl=US&ceid=US%3Aen,https://lh3.googleusercontent.com/_AzfrIDK0Y2J1UxMf2Vsk_jplo_b1FNy-wN0SSwukEJcPYmVFYFXdE-7vUECL8snyZJXUN5dR94=s0-h14-rp,Reuters,,2023-10-17 23:17:49.446507
Iran's Khamenei says Israel must halt assault on Palestinians in Gaza,,14 hours ago,2023-10-17 09:17:51.412452,news.google.com/./articles/CBMiemh0dHBzOi8vd3d3LnJldXRlcnMuY29tL3dvcmxkL21pZGRsZS1lYXN0L2lyYW5zLWtoYW1lbmVpLXNheXMtaXNyYWVsaS1vZmZpY2lhbHMtc2hvdWxkLWZhY2UtdHJpYWwtdGhlaXItY3JpbWVzLTIwMjMtMTAtMTcv0gEA?hl=en-US&gl=US&ceid=US%3Aen,https://lh3.googleusercontent.com/_AzfrIDK0Y2J1UxMf2Vsk_jplo_b1FNy-wN0SSwukEJcPYmVFYFXdE-7vUECL8snyZJXUN5dR94=s0-h14-rp,Reuters,,2023-10-17 23:17:49.446507
Israel launches PR offensive as it counters Hamas,,14 hours ago,2023-10-17 09:17:51.408031,news.google.com/./articles/CBMiaGh0dHBzOi8vd3d3LmJ1c2luZXNzaW5zaWRlci5jb20vaXNyYWVsLXlvdXR1YmUteC1hZHZlcnRpc2luZy1wci1vZmZlbnNpdmUtZ2F6YS1oYW1hcy1ib21iYXJkbWVudC0yMDIzLTEw0gFsaHR0cHM6Ly93d3cuYnVzaW5lc3NpbnNpZGVyLmNvbS9pc3JhZWwteW91dHViZS14LWFkdmVydGlzaW5nLXByLW9mZmVuc2l2ZS1nYXphLWhhbWFzLWJvbWJhcmRtZW50LTIwMjMtMTA_YW1w?hl=en-US&gl=US&ceid=US%3Aen,https://lh3.googleusercontent.com/dnezbGzIKlcPlhGR0kXx4osDChPmyqnlhHZ9F4lLCbboxfA3E7MpxJbynvVsItCX4_yggXdZ=s0-h14-rp,Business Insider,,2023-10-17 23:17:49.446507
"5 things to know for Oct. 17: Israel, House speaker, Presidential race, Immigration, India",,15 hours ago,2023-10-17 08:17:51.423451,news.google.com/./articles/CBMigQFodHRwczovL3d3dy5jbm4uY29tLzIwMjMvMTAvMTcvdXMvNS10aGluZ3MtdG8ta25vdy1mb3Itb2N0LTE3LWlzcmFlbC1ob3VzZS1zcGVha2VyLXByZXNpZGVudGlhbC1yYWNlLWltbWlncmF0aW9uLWluZGlhL2luZGV4Lmh0bWzSAYUBaHR0cHM6Ly9hbXAuY25uLmNvbS9jbm4vMjAyMy8xMC8xNy91cy81LXRoaW5ncy10by1rbm93LWZvci1vY3QtMTctaXNyYWVsLWhvdXNlLXNwZWFrZXItcHJlc2lkZW50aWFsLXJhY2UtaW1taWdyYXRpb24taW5kaWEvaW5kZXguaHRtbA?hl=en-US&gl=US&ceid=US%3Aen,https://lh3.googleusercontent.com/8zdvTbISHUn-4iHkauW-_yQSGPD9BMrx9EWfqTIhiVm2YMYqhHC1HJWNDQoSOkMk0MRPYKxjIg=s0-h14-rp,CNN,,2023-10-17 23:17:49.446507
The First Hours of the Israel-Hamas War: What Actually Took Place ...,,15 hours ago,2023-10-17 08:17:51.421451,news.google.com/./articles/CBMisQFodHRwczovL3d3dy5oYWFyZXR6LmNvbS9pc3JhZWwtbmV3cy8yMDIzLTEwLTE3L3R5LWFydGljbGUtbWFnYXppbmUvLnByZW1pdW0vdGhlLWZpcnN0LWhvdXJzLW9mLXRoZS1pc3JhZWwtaGFtYXMtd2FyLXdoYXQtYWN0dWFsbHktdG9vay1wbGFjZS8wMDAwMDE4Yi0zOGJjLWQwYWMtYTM5Zi1iOWJlNThkZjAwMDDSAQA?hl=en-US&gl=US&ceid=US%3Aen,https://lh3.googleusercontent.com/R7MjIbcgUP5cgv_2o4LLjOoBJZmxP9ra7tMRCUUbrLc9thQzKbxZuEuL_DZidSdY8dOVlMuDuQ=s0-h14-rp,Haaretz,,2023-10-17 23:17:49.446507
"Hamas is more dangerous, utterly inhumane: Israel must not underestimate it again",,15 hours ago,2023-10-17 08:17:51.418447,news.google.com/./articles/CBMibmh0dHBzOi8vd3d3LnRpbWVzb2Zpc3JhZWwuY29tL2hhbWFzLWlzLW1vcmUtZGFuZ2Vyb3VzLXV0dGVybHktaW5odW1hbmUtaXNyYWVsLW11c3Qtbm90LXVuZGVyZXN0aW1hdGUtaXQtYWdhaW4v0gFyaHR0cHM6Ly93d3cudGltZXNvZmlzcmFlbC5jb20vaGFtYXMtaXMtbW9yZS1kYW5nZXJvdXMtdXR0ZXJseS1pbmh1bWFuZS1pc3JhZWwtbXVzdC1ub3QtdW5kZXJlc3RpbWF0ZS1pdC1hZ2Fpbi9hbXAv?hl=en-US&gl=US&ceid=US%3Aen,https://lh3.googleusercontent.com/KL7VFUdHpnRzWYFwHNMM0Mui8KZ2POO9h_bhISFR8jJpS5s8hImnur4ZeGoyeAEtfzrWvAkLBg=s0-h14-rp,The Times of Israel,,2023-10-17 23:17:49.446507
Israel-Hamas war: Hamas spokesman says the group has no plans ...,,15 hours ago,2023-10-17 08:17:51.404033,news.google.com/./articles/CBMidGh0dHBzOi8vd3d3LmN0cHVibGljLm9yZy8yMDIzLTEwLTE3L2lzcmFlbC1oYW1hcy13YXItaGFtYXMtc3Bva2VzbWFuLXNheXMtdGhlLWdyb3VwLWhhcy1uby1wbGFucy10by1yZWxlYXNlLWhvc3RhZ2Vz0gEA?hl=en-US&gl=US&ceid=US%3Aen,https://lh3.googleusercontent.com/B3kKyl_Wg-YsVpQtltW1wWE6M9t82jZN-dMdIauu3jNZND0p5hlmtWtKKF2W0pJvQw4reMUFfQ=s0-h14-rp,Connecticut Public,,2023-10-17 23:17:49.446507
Clashes Again Erupt on Lebanon-Israel Border,,15 hours ago,2023-10-17 08:17:51.399035,news.google.com/./articles/CBMiMGh0dHBzOi8vdGltZS5jb20vNjMyNDU5MS9pc3JhZWwtbGViYW5vbi1jbGFzaGVzL9IBAA?hl=en-US&gl=US&ceid=US%3Aen,https://lh3.googleusercontent.com/Xitxs7dGL78WNXqnqMPDISrJ4jcU18e16qz-YH7ui8AHbD4pJdw7bEFhTcbz4JsBIja9V-NrWQ=s0-h14-rp,TIME,,2023-10-17 23:17:49.446507
What the Israel-Hamas war means for US markets,,15 hours ago,2023-10-17 08:17:51.396034,news.google.com/./articles/CBMiTGh0dHBzOi8vd3d3LmNubi5jb20vMjAyMy8xMC8xNy9pbnZlc3RpbmcvcHJlbWFya2V0LXN0b2Nrcy10cmFkaW5nL2luZGV4Lmh0bWzSAVBodHRwczovL2FtcC5jbm4uY29tL2Nubi8yMDIzLzEwLzE3L2ludmVzdGluZy9wcmVtYXJrZXQtc3RvY2tzLXRyYWRpbmcvaW5kZXguaHRtbA?hl=en-US&gl=US&ceid=US%3Aen,https://lh3.googleusercontent.com/8zdvTbISHUn-4iHkauW-_yQSGPD9BMrx9EWfqTIhiVm2YMYqhHC1HJWNDQoSOkMk0MRPYKxjIg=s0-h14-rp,CNN,,2023-10-17 23:17:49.446507
Tim Scott responds to Trump's criticism of Israel PM Netanyahu: 'Terrible and not helpful',,16 hours ago,2023-10-17 07:17:51.419452,news.google.com/./articles/CBMibWh0dHBzOi8vd3d3LmZveG5ld3MuY29tL3BvbGl0aWNzL3RpbS1zY290dC1yZXNwb25kcy10cnVtcHMtY3JpdGljaXNtLWlzcmFlbC1wbS1uZXRhbnlhaHUtdGVycmlibGUtbm90LWhlbHBmdWzSAXFodHRwczovL3d3dy5mb3huZXdzLmNvbS9wb2xpdGljcy90aW0tc2NvdHQtcmVzcG9uZHMtdHJ1bXBzLWNyaXRpY2lzbS1pc3JhZWwtcG0tbmV0YW55YWh1LXRlcnJpYmxlLW5vdC1oZWxwZnVsLmFtcA?hl=en-US&gl=US&ceid=US%3Aen,https://lh3.googleusercontent.com/sI1WB0Q5duO4KjZqNG5iwyb-5Rt-WYpF7YJjAde847yk_-mOpMueyEcXZgjU5dIMJNdPwe2ICg=s0-h14-rp,Fox News,,2023-10-17 23:17:49.446507
Divisions emerge between 2024 Republicans over Israeli-Palestinian conflict,,16 hours ago,2023-10-17 07:17:51.418447,news.google.com/./articles/CBMic2h0dHBzOi8vdGhlaGlsbC5jb20vaG9tZW5ld3MvY2FtcGFpZ24vNDI1OTA5NC0yMDI0LWRvbmFsZC10cnVtcC1yb24tZGVzYW50aXMtbmlra2ktaGFsZXktaXNyYWVsLXBhbGVzdGluaWFucy1oYW1hcy_SAXdodHRwczovL3RoZWhpbGwuY29tL2hvbWVuZXdzL2NhbXBhaWduLzQyNTkwOTQtMjAyNC1kb25hbGQtdHJ1bXAtcm9uLWRlc2FudGlzLW5pa2tpLWhhbGV5LWlzcmFlbC1wYWxlc3RpbmlhbnMtaGFtYXMvYW1wLw?hl=en-US&gl=US&ceid=US%3Aen,https://lh3.googleusercontent.com/4GIV6VDGgeRBBo20kfZHEFjDrgPr1lxJmvxB32KUmZWsAU54y7SD2dfT385jXBnmdBoBMaM29A=s0-h14-rp,The Hill,,2023-10-17 23:17:49.446507
49 arrested at White House protest led by Jewish groups calling for ...,,16 hours ago,2023-10-17 07:17:51.410309,news.google.com/./articles/CBMiVGh0dHBzOi8vd3d3LmF4aW9zLmNvbS8yMDIzLzEwLzE3L2pld2lzaC1wcm90ZXN0LXdoaXRlLWhvdXNlLWlzcmFlbC1oYW1hcy13YXItYXJyZXN0c9IBAA?hl=en-US&gl=US&ceid=US%3Aen,https://lh3.googleusercontent.com/l85lUZ33FMIg2XGtWUFSQsRjWkxTQE_JPUVzDezzc7JDHPJO0PZgRCyNWe67UZZCQaNx6K97=s0-h14-rp,Axios,,2023-10-17 23:17:49.446507
Will war with Hamas bring Israel-Egypt ties to a crisis point? - opinion,,16 hours ago,2023-10-17 07:17:51.407036,news.google.com/./articles/CBMiLGh0dHBzOi8vd3d3Lmpwb3N0LmNvbS9vcGluaW9uL2FydGljbGUtNzY4Nzg10gEA?hl=en-US&gl=US&ceid=US%3Aen,https://lh3.googleusercontent.com/TW_uvmveircXWTyroSLoydsTHhb2dG5daDv_1cLWab593SS_Zp_ky0Xf1Czw2Yb4CDOLRXjw=s0-h14-rp,The Jerusalem Post,,2023-10-17 23:17:49.446507
Chuck Schumer: Senators plead for Israel aid as House remains ...,,16 hours ago,2023-10-17 07:17:51.405034,news.google.com/./articles/CBMibGh0dHBzOi8vd3d3LnVzYXRvZGF5LmNvbS9zdG9yeS9uZXdzL3BvbGl0aWNzLzIwMjMvMTAvMTcvc2NodW1lci1sZWFkcy1lZmZvcnQtaXNyYWVsaS1haWQtc2VuYXRlLzcxMjA0MTY3MDA3L9IBAA?hl=en-US&gl=US&ceid=US%3Aen,https://lh3.googleusercontent.com/-azIrtjYWp_uW0mZr2EgCuDyyZ9WpFOIWNx3qM1wwCzV37NgmqATpNZGn9R0y8XklFku6Hhwz6w=s0-h14-rp,USA TODAY,,2023-10-17 23:17:49.446507
Latest: Occupied Palestinian Territory/Israel | OHCHR,,16 hours ago,2023-10-17 07:17:51.399035,news.google.com/./articles/CBMiYWh0dHBzOi8vd3d3Lm9oY2hyLm9yZy9lbi9wcmVzcy1icmllZmluZy1ub3Rlcy8yMDIzLzEwL2xhdGVzdC1vY2N1cGllZC1wYWxlc3Rpbmlhbi10ZXJyaXRvcnlpc3JhZWzSAQA?hl=en-US&gl=US&ceid=US%3Aen,"https://encrypted-tbn2.gstatic.com/faviconV2?url=https://www.ohchr.org&client=NEWS_360&size=96&type=FAVICON&fallback_opts=TYPE,SIZE,URL",OHCHR,,2023-10-17 23:17:49.446507
‘Bodies all around’ as Israeli air raids hit homes in Khan Younis and Rafah,,16 hours ago,2023-10-17 07:17:51.396034,news.google.com/./articles/CBMidmh0dHBzOi8vd3d3LmFsamF6ZWVyYS5jb20vZ2FsbGVyeS8yMDIzLzEwLzE3L2JvZGllcy1hbGwtYXJvdW5kLWFzLWlzcmFlbGktYWlyLXJhaWRzLWhpdC1ob21lcy1pbi1raGFuLXlvdW5pcy1hbmQtcmFmYWjSAXpodHRwczovL3d3dy5hbGphemVlcmEuY29tL2FtcC9nYWxsZXJ5LzIwMjMvMTAvMTcvYm9kaWVzLWFsbC1hcm91bmQtYXMtaXNyYWVsaS1haXItcmFpZHMtaGl0LWhvbWVzLWluLWtoYW4teW91bmlzLWFuZC1yYWZhaA?hl=en-US&gl=US&ceid=US%3Aen,https://lh3.googleusercontent.com/l-Ps9rkWuApN8G3MB5uZC_a5G7iKCTITjMdpZFhm2rQf3U2M2Yr_KTYpzpmOPxDiUKgb9yN9ha8=s0-h14-rp,Al Jazeera English,,2023-10-17 23:17:49.446507
Gaza at breaking point as Israel evacuates north,,17 hours ago,2023-10-17 06:17:51.403037,news.google.com/./articles/CBMiZ2h0dHBzOi8vd3d3LmFsamF6ZWVyYS5jb20vbmV3cy8yMDIzLzEwLzE3L2dhemEtZmFjZXMtaHVtYW5pdGFyaWFuLWNhdGFzdHJvcGhlLWFzLWlzcmFlbC1ldmFjdWF0ZXMtbm9ydGjSAWtodHRwczovL3d3dy5hbGphemVlcmEuY29tL2FtcC9uZXdzLzIwMjMvMTAvMTcvZ2F6YS1mYWNlcy1odW1hbml0YXJpYW4tY2F0YXN0cm9waGUtYXMtaXNyYWVsLWV2YWN1YXRlcy1ub3J0aA?hl=en-US&gl=US&ceid=US%3Aen,https://lh3.googleusercontent.com/l-Ps9rkWuApN8G3MB5uZC_a5G7iKCTITjMdpZFhm2rQf3U2M2Yr_KTYpzpmOPxDiUKgb9yN9ha8=s0-h14-rp,Al Jazeera English,,2023-10-17 23:17:49.446507
"Israel military says status of post-war Gaza under discussion, 'global ...",,18 hours ago,2023-10-17 05:17:51.422447,news.google.com/./articles/CBMidWh0dHBzOi8vd3d3LnJldXRlcnMuY29tL3dvcmxkL21pZGRsZS1lYXN0L2lzcmFlbHMtbWlsaXRhcnktc2F5cy1zdGF0dXMtcG9zdC13YXItZ2F6YS13aWxsLWJlLWdsb2JhbC1pc3N1ZS0yMDIzLTEwLTE3L9IBAA?hl=en-US&gl=US&ceid=US%3Aen,https://lh3.googleusercontent.com/_AzfrIDK0Y2J1UxMf2Vsk_jplo_b1FNy-wN0SSwukEJcPYmVFYFXdE-7vUECL8snyZJXUN5dR94=s0-h14-rp,Reuters,,2023-10-17 23:17:49.446507
"Iran, Israel, and War in the Middle East",,18 hours ago,2023-10-17 05:17:51.409036,news.google.com/./articles/CBMiSWh0dHBzOi8vd2Fyb250aGVyb2Nrcy5jb20vMjAyMy8xMC9pcmFuLWlzcmFlbC1hbmQtd2FyLWluLXRoZS1taWRkbGUtZWFzdC_SAQA?hl=en-US&gl=US&ceid=US%3Aen,https://lh3.googleusercontent.com/jR0X1lUCmdbNDqz4qGzaWFXu1VmsAd3ulByDf4v5pvzavi7eYUMVa_zyeDSKz7SeXqW0i3aVpok=s0-h14-rp,War On The Rocks,,2023-10-17 23:17:49.446507
US Marine rapid response force moving toward Israel as Pentagon strengthens military posture in region,,18 hours ago,2023-10-17 05:17:51.407036,news.google.com/./articles/CBMiTWh0dHBzOi8vd3d3LmNubi5jb20vMjAyMy8xMC8xNi9wb2xpdGljcy91cy1tYXJpbmVzLXBlbnRhZ29uLWlzcmFlbC9pbmRleC5odG1s0gFRaHR0cHM6Ly9hbXAuY25uLmNvbS9jbm4vMjAyMy8xMC8xNi9wb2xpdGljcy91cy1tYXJpbmVzLXBlbnRhZ29uLWlzcmFlbC9pbmRleC5odG1s?hl=en-US&gl=US&ceid=US%3Aen,https://lh3.googleusercontent.com/8zdvTbISHUn-4iHkauW-_yQSGPD9BMrx9EWfqTIhiVm2YMYqhHC1HJWNDQoSOkMk0MRPYKxjIg=s0-h14-rp,CNN,,2023-10-17 23:17:49.446507
Iran warns of ‘preemptive’ action against Israel amid Gaza war,,19 hours ago,2023-10-17 04:17:51.399035,news.google.com/./articles/CBMiZmh0dHBzOi8vd3d3LmFsamF6ZWVyYS5jb20vbmV3cy8yMDIzLzEwLzE3L2lyYW4td2FybnMtb2YtcHJlZW1wdGl2ZS1hY3Rpb24tYWdhaW5zdC1pc3JhZWwtYW1pZC1nYXphLXdhctIBamh0dHBzOi8vd3d3LmFsamF6ZWVyYS5jb20vYW1wL25ld3MvMjAyMy8xMC8xNy9pcmFuLXdhcm5zLW9mLXByZWVtcHRpdmUtYWN0aW9uLWFnYWluc3QtaXNyYWVsLWFtaWQtZ2F6YS13YXI?hl=en-US&gl=US&ceid=US%3Aen,https://lh3.googleusercontent.com/l-Ps9rkWuApN8G3MB5uZC_a5G7iKCTITjMdpZFhm2rQf3U2M2Yr_KTYpzpmOPxDiUKgb9yN9ha8=s0-h14-rp,Al Jazeera English,,2023-10-17 23:17:49.446507
Israel-Hamas war: A family attacked on Gaza border was found dead hugging each other,,21 hours ago,2023-10-17 02:17:51.420452,news.google.com/./articles/CBMigAFodHRwczovL3d3dy53aW9uZXdzLmNvbS93b3JsZC9pc3JhZWwtaGFtYXMtd2FyLWZhbWlseS1vbi1nYXphLWJvcmRlci1raWxsZWQtaW4taGFtYXMtYXR0YWNrLWZvdW5kLWRlYWQtaHVnZ2luZy1lYWNoLW90aGVyLTY0NzgxM9IBhAFodHRwczovL3d3dy53aW9uZXdzLmNvbS93b3JsZC9pc3JhZWwtaGFtYXMtd2FyLWZhbWlseS1vbi1nYXphLWJvcmRlci1raWxsZWQtaW4taGFtYXMtYXR0YWNrLWZvdW5kLWRlYWQtaHVnZ2luZy1lYWNoLW90aGVyLTY0NzgxMy9hbXA?hl=en-US&gl=US&ceid=US%3Aen,https://lh3.googleusercontent.com/yFd1juutjB8_oBbXmlpCl9L9isljVpD_lc4WA-AVmGvoOMGwWZU5ebKc8fy-alZ6xf5PvQ-NG7E=s0-h14-rp,WION,,2023-10-17 23:17:49.446507
"Biden will visit Israel on Wednesday; 2,000 U.S. troops prep for possible deployment to Middle East",,21 hours ago,2023-10-17 02:17:51.394893,news.google.com/./articles/CBMiUWh0dHBzOi8vd3d3LmNuYmMuY29tLzIwMjMvMTAvMTYvaXNyYWVsLWhhbWFzLXdhci11cGRhdGVzLWxhdGVzdC1uZXdzLW9uLWdhemEuaHRtbNIBVWh0dHBzOi8vd3d3LmNuYmMuY29tL2FtcC8yMDIzLzEwLzE2L2lzcmFlbC1oYW1hcy13YXItdXBkYXRlcy1sYXRlc3QtbmV3cy1vbi1nYXphLmh0bWw?hl=en-US&gl=US&ceid=US%3Aen,https://lh3.googleusercontent.com/UEQEAUAyUNeb8PjnoA90xCxg3IIQc2RWP_EJNe4ljoowvxl8nR62HAdD_NTXlOFzSv1HEHfC=s0-h14-rp,CNBC,,2023-10-17 23:17:49.446507
"Gold rate today under pressure on strong US dollar, easing Israel-Hamas war | Mint",,22 hours ago,2023-10-17 01:17:51.421451,news.google.com/./articles/CBMiigFodHRwczovL3d3dy5saXZlbWludC5jb20vbWFya2V0L2NvbW1vZGl0aWVzL2dvbGQtcmF0ZS10b2RheS11bmRlci1wcmVzc3VyZS1vbi1zdHJvbmctdXMtZG9sbGFyLWVhc2luZy1pc3JhZWwtaGFtYXMtd2FyLTExNjk3NTEyODk0NDE0Lmh0bWzSAY4BaHR0cHM6Ly93d3cubGl2ZW1pbnQuY29tL21hcmtldC9jb21tb2RpdGllcy9nb2xkLXJhdGUtdG9kYXktdW5kZXItcHJlc3N1cmUtb24tc3Ryb25nLXVzLWRvbGxhci1lYXNpbmctaXNyYWVsLWhhbWFzLXdhci9hbXAtMTE2OTc1MTI4OTQ0MTQuaHRtbA?hl=en-US&gl=US&ceid=US%3Aen,https://lh3.googleusercontent.com/JufTzTMu9l6RFyXEEfl6ZPdS7xjYhoSXVmDHURyphjVSNK2zH8uWdyJKd9gg0YOYUCop4Alylis=s0-h14-rp,Mint,,2023-10-17 23:17:49.446507
"Israel-Hamas War: ‘Bibi, you have blood on your hands,' Israelis staged protest against PM Benjamin Netanyahu | Mint",,22 hours ago,2023-10-17 01:17:51.420452,news.google.com/./articles/CBMiqQFodHRwczovL3d3dy5saXZlbWludC5jb20vbmV3cy93b3JsZC9pc3JhZWwtaGFtYXMtd2FyLWJpYmkteW91LWhhdmUtYmxvb2Qtb24teW91ci1oYW5kcy1pc3JhZWxpcy1wcm90ZXN0LXBtLWJlbmphbWluLW5ldGFueWFodS1wdXRpbi14aS1pcmFuLWhlemJvbGxhaC0xMTY5NzUxMjAwNDE5Ni5odG1s0gGtAWh0dHBzOi8vd3d3LmxpdmVtaW50LmNvbS9uZXdzL3dvcmxkL2lzcmFlbC1oYW1hcy13YXItYmliaS15b3UtaGF2ZS1ibG9vZC1vbi15b3VyLWhhbmRzLWlzcmFlbGlzLXByb3Rlc3QtcG0tYmVuamFtaW4tbmV0YW55YWh1LXB1dGluLXhpLWlyYW4taGV6Ym9sbGFoL2FtcC0xMTY5NzUxMjAwNDE5Ni5odG1s?hl=en-US&gl=US&ceid=US%3Aen,https://lh3.googleusercontent.com/JufTzTMu9l6RFyXEEfl6ZPdS7xjYhoSXVmDHURyphjVSNK2zH8uWdyJKd9gg0YOYUCop4Alylis=s0-h14-rp,Mint,,2023-10-17 23:17:49.446507
Israel-Hamas war tests US defence sector already strained by ...,,22 hours ago,2023-10-17 01:17:51.417454,news.google.com/./articles/CBMiP2h0dHBzOi8vd3d3LmZ0LmNvbS9jb250ZW50L2FkODU4NWRlLWE1YzQtNGQ2NS1hMjEzLTU5NmExMDgxNmFhONIBAA?hl=en-US&gl=US&ceid=US%3Aen,https://lh3.googleusercontent.com/281oPpXmEcGU9cV4N2LudyLEG2aBqbqG2iDoMoXUXKl-SWD4AUdO5652KVTGNmcduSWZB_7j=s0-h14-rp,Financial Times,,2023-10-17 23:17:49.446507
CENTCOM Commander Arrives in Israel > U.S. Central Command ...,,22 hours ago,2023-10-17 01:17:51.416450,news.google.com/./articles/CBMidGh0dHBzOi8vd3d3LmNlbnRjb20ubWlsL01FRElBL1BSRVNTLVJFTEVBU0VTL1ByZXNzLVJlbGVhc2UtVmlldy9BcnRpY2xlLzM1NTkwOTgvY2VudGNvbS1jb21tYW5kZXItYXJyaXZlcy1pbi1pc3JhZWwv0gEA?hl=en-US&gl=US&ceid=US%3Aen,"https://encrypted-tbn2.gstatic.com/faviconV2?url=https://www.centcom.mil&client=NEWS_360&size=96&type=FAVICON&fallback_opts=TYPE,SIZE,URL",US Central Command,,2023-10-17 23:17:49.446507
Israel Ambassador: Hamas Used North Korean Weapons to Attack Israel,,22 hours ago,2023-10-17 01:17:51.408031,news.google.com/./articles/CBMiaWh0dHBzOi8vd3d3LnZvYW5ld3MuY29tL2EvaXNyYWVsLWFtYmFzc2Fkb3ItaGFtYXMtdXNlZC1ub3J0aC1rb3JlYW4td2VhcG9ucy10by1hdHRhY2staXNyYWVsLzczMTM5NTIuaHRtbNIBa2h0dHBzOi8vd3d3LnZvYW5ld3MuY29tL2FtcC9pc3JhZWwtYW1iYXNzYWRvci1oYW1hcy11c2VkLW5vcnRoLWtvcmVhbi13ZWFwb25zLXRvLWF0dGFjay1pc3JhZWwvNzMxMzk1Mi5odG1s?hl=en-US&gl=US&ceid=US%3Aen,https://lh3.googleusercontent.com/proxy/j-l1APd3QQ-0Mwq0igDckh1yBMcexx5zY8fCe7JtcrU3pugJsd2zCfDLEkwsGByS8W25hYRi1g2-POLUUrAdhUaKKr5EGrpuYCr-RXqdJPRaaup1cl_WZALIA7JwM28HX4Og6YhiabLJGBmRld13ZkC2xZbGGCObLhWqV9kuO1WJISRMt_p0Nb7aO1cy=s0-h14-rp,Voice of America - VOA News,,2023-10-17 23:17:49.446507
Tether freezes crypto linked to 'terrorism and warfare' in Israel and ...,,22 hours ago,2023-10-17 01:17:51.405034,news.google.com/./articles/CBMic2h0dHBzOi8vd3d3LnJldXRlcnMuY29tL3RlY2hub2xvZ3kvdGV0aGVyLWZyZWV6ZXMtODczMDAwLWNyeXB0by1saW5rZWQtdGVycm9yaXNtLXdhcmZhcmUtaXNyYWVsLXVrcmFpbmUtMjAyMy0xMC0xNi_SAQA?hl=en-US&gl=US&ceid=US%3Aen,https://lh3.googleusercontent.com/_AzfrIDK0Y2J1UxMf2Vsk_jplo_b1FNy-wN0SSwukEJcPYmVFYFXdE-7vUECL8snyZJXUN5dR94=s0-h14-rp,Reuters,,2023-10-17 23:17:49.446507
Blinken's Whirlwind Israel Diplomacy Hits Hard Mideast Realities,,22 hours ago,2023-10-17 01:17:51.402036,news.google.com/./articles/CBMic2h0dHBzOi8vd3d3LmJsb29tYmVyZy5jb20vbmV3cy9hcnRpY2xlcy8yMDIzLTEwLTE3L2JsaW5rZW4tcy13aGlybHdpbmQtaXNyYWVsLWRpcGxvbWFjeS1oaXRzLWhhcmQtbWlkZWFzdC1yZWFsaXRpZXPSAQA?hl=en-US&gl=US&ceid=US%3Aen,https://lh3.googleusercontent.com/NGEszdY4BPKjXpMWL2fgAHQasyKjNgr-yPt6p2ELILT6x6SV6gjNxJgplAAFTRD6-UhwMebPlA=s0-h14-rp,Bloomberg,,2023-10-17 23:17:49.446507
President Joe Biden will visit Israel in high-stakes trip,,22 hours ago,2023-10-17 01:17:51.394654,news.google.com/./articles/CBMiSWh0dHBzOi8vd3d3LmNubi5jb20vMjAyMy8xMC8xNi9wb2xpdGljcy9qb2UtYmlkZW4taXNyYWVsLXZpc2l0L2luZGV4Lmh0bWzSAQA?hl=en-US&gl=US&ceid=US%3Aen,https://lh3.googleusercontent.com/8zdvTbISHUn-4iHkauW-_yQSGPD9BMrx9EWfqTIhiVm2YMYqhHC1HJWNDQoSOkMk0MRPYKxjIg=s0-h14-rp,CNN,,2023-10-17 23:17:49.446507
Gaza tunnels give Hamas an advantage in fight against Israel | The ...,,23 hours ago,2023-10-17 00:17:51.419452,news.google.com/./articles/CBMiX2h0dHBzOi8vd3d3LmFzcGlzdHJhdGVnaXN0Lm9yZy5hdS9nYXphLXR1bm5lbHMtZ2l2ZS1oYW1hcy1hbi1hZHZhbnRhZ2UtaW4tZmlnaHQtYWdhaW5zdC1pc3JhZWwv0gEA?hl=en-US&gl=US&ceid=US%3Aen,"https://encrypted-tbn3.gstatic.com/faviconV2?url=https://www.aspistrategist.org.au&client=NEWS_360&size=96&type=FAVICON&fallback_opts=TYPE,SIZE,URL",The Strategist,,2023-10-17 23:17:49.446507
Teenage sisters among 10 Britons still missing in Israel after Hamas attack,,23 hours ago,2023-10-17 00:17:51.414449,news.google.com/./articles/CBMib2h0dHBzOi8vbmV3cy5za3kuY29tL3N0b3J5L3RlZW5hZ2Utc2lzdGVycy1hbW9uZy0xMC1icml0b25zLXN0aWxsLW1pc3NpbmctaW4taXNyYWVsLWFmdGVyLWhhbWFzLWF0dGFjay0xMjk4NTk0MNIBc2h0dHBzOi8vbmV3cy5za3kuY29tL3N0b3J5L2FtcC90ZWVuYWdlLXNpc3RlcnMtYW1vbmctMTAtYnJpdG9ucy1zdGlsbC1taXNzaW5nLWluLWlzcmFlbC1hZnRlci1oYW1hcy1hdHRhY2stMTI5ODU5NDA?hl=en-US&gl=US&ceid=US%3Aen,https://lh3.googleusercontent.com/proxy/zY2fML2NI5v4zQSMv8J8AuNa-BD8wkEdIvbpCSeITydv5FvWbBgFMDK-4UNJNjCy8YnG6EwiHTwBqwklYZGq7dqrR6wiE8e55pxj-T6xa7xvHZqAm6Puvic8cIzRUEQkeIUiUaRH0SR-88Iz7vnGJC3NfW72xTfAdikuOfGquKDOVX0JqyvnCfTalx5T=s0-h14-rp,Sky News,,2023-10-17 23:17:49.446507
'The people of Israel live': Hundreds rally in solidarity with Israel at Curtis Hixon Park,,23 hours ago,2023-10-17 00:17:51.409036,news.google.com/./articles/CBMidmh0dHBzOi8vd3d3LmZveDEzbmV3cy5jb20vbmV3cy90aGUtcGVvcGxlLW9mLWlzcmFlbC1saXZlLWh1bmRyZWRzLXJhbGx5LWluLXNvbGlkYXJpdHktd2l0aC1pc3JhZWwtYXQtY3VydGlzLWhpeG9uLXBhcmvSAXpodHRwczovL3d3dy5mb3gxM25ld3MuY29tL25ld3MvdGhlLXBlb3BsZS1vZi1pc3JhZWwtbGl2ZS1odW5kcmVkcy1yYWxseS1pbi1zb2xpZGFyaXR5LXdpdGgtaXNyYWVsLWF0LWN1cnRpcy1oaXhvbi1wYXJrLmFtcA?hl=en-US&gl=US&ceid=US%3Aen,https://lh3.googleusercontent.com/JuKdUna38i9Qg-d1bNECUaPDidCYXtUax_uvY0sb_3FkhUhiQ0dkTTHJt6M-b5rSu00t9GEEwg=s0-h14-rp,FOX 13 Tampa,,2023-10-17 23:17:49.446507
"Even if Israel Crushes Hamas, New Threats Will Emerge From the ...",,23 hours ago,2023-10-17 00:17:51.406036,news.google.com/./articles/CBMiswFodHRwczovL3d3dy5oYWFyZXR6LmNvbS9pc3JhZWwtbmV3cy8yMDIzLTEwLTE3L3R5LWFydGljbGUvLnByZW1pdW0vZXZlbi1pZi1pc3JhZWwtY3J1c2hlcy1oYW1hcy1uZXctdGhyZWF0cy13aWxsLWVtZXJnZS1mcm9tLXRoZS1hc2hlcy1vZi1nYXphLzAwMDAwMThiLTNhMmUtZGQwOS1hMWJmLTNhYWU4NGI1MDAwMNIBAA?hl=en-US&gl=US&ceid=US%3Aen,https://lh3.googleusercontent.com/R7MjIbcgUP5cgv_2o4LLjOoBJZmxP9ra7tMRCUUbrLc9thQzKbxZuEuL_DZidSdY8dOVlMuDuQ=s0-h14-rp,Haaretz,,2023-10-17 23:17:49.446507
