title,desc,date,datetime,link,img,media,site
"Emory Healthcare's 1st data, analytics officer's game plan",,1 hour ago,2023-10-17 20:04:39.759881,news.google.com/./articles/CBMibWh0dHBzOi8vd3d3LmJlY2tlcnNob3NwaXRhbHJldmlldy5jb20vaW5ub3ZhdGlvbi9lbW9yeS1oZWFsdGhjYXJlcy0xc3QtZGF0YS1hbmFseXRpY3Mtb2ZmaWNlcnMtZ2FtZS1wbGFuLmh0bWzSAQA?hl=en-US&gl=US&ceid=US%3Aen,"https://encrypted-tbn2.gstatic.com/faviconV2?url=https://www.beckershospitalreview.com&client=NEWS_360&size=96&type=FAVICON&fallback_opts=TYPE,SIZE,URL",Becker's Hospital Review,
IT Consultant Business Analyse (all genders) in Kaiserslautern ...,,2 hours ago,2023-10-17 19:04:39.779833,news.google.com/./articles/CBMiemh0dHBzOi8vd3d3Lml0LWpvdXJuYWwuZGUvMTI4Mjg1LWl0LWNvbnN1bHRhbnQtYnVzaW5lc3MtYW5hbHlzZS1hbGwtZ2VuZGVycy1pbi1rYWlzZXJzbGF1dGVybi1yaGVpbmxhbmQtcGZhbHotZ2VzdWNodC5odG1s0gEA?hl=en-US&gl=US&ceid=US%3Aen,https://lh3.googleusercontent.com/2Fhv_xVG4ARaYhzCZzqgXP2VtKQdXT4Q_az0ydGO3nSdTdJEjgDmqti22OewxJc3GbtpB-rE4HY=s0-h14-rp,IT-Journal.de,
"Daily AI Roundup: Biggest Machine Learning, Robotic And ...",,2 hours ago,2023-10-17 19:04:39.767827,news.google.com/./articles/CBMifGh0dHBzOi8vYWl0aG9yaXR5LmNvbS9tYWNoaW5lLWxlYXJuaW5nL2RhaWx5LWFpLXJvdW5kdXAtYmlnZ2VzdC1tYWNoaW5lLWxlYXJuaW5nLXJvYm90aWMtYW5kLWF1dG9tYXRpb24tdXBkYXRlcy0xOC1vY3QtMjAyMy_SAQA?hl=en-US&gl=US&ceid=US%3Aen,"https://encrypted-tbn1.gstatic.com/faviconV2?url=https://aithority.com&client=NEWS_360&size=96&type=FAVICON&fallback_opts=TYPE,SIZE,URL",AiThority,
Accenture PLC Cl A stock outperforms competitors on strong trading day,,3 hours ago,2023-10-17 18:04:39.757833,news.google.com/./articles/CBMiggFodHRwczovL3d3dy5tYXJrZXR3YXRjaC5jb20vZGF0YS1uZXdzL2FjY2VudHVyZS1wbGMtY2wtYS1zdG9jay1vdXRwZXJmb3Jtcy1jb21wZXRpdG9ycy1vbi1zdHJvbmctdHJhZGluZy1kYXktMWQ4Njg5NzgtMGY5OTBjYjU4ODc20gGGAWh0dHBzOi8vd3d3Lm1hcmtldHdhdGNoLmNvbS9hbXAvZGF0YS1uZXdzL2FjY2VudHVyZS1wbGMtY2wtYS1zdG9jay1vdXRwZXJmb3Jtcy1jb21wZXRpdG9ycy1vbi1zdHJvbmctdHJhZGluZy1kYXktMWQ4Njg5NzgtMGY5OTBjYjU4ODc2?hl=en-US&gl=US&ceid=US%3Aen,https://lh3.googleusercontent.com/e3C-RTkUb0bknSDp54jrHU5WhmbMFt7PMIWDT4B-2XaK0xwo64ed8bQ64bSxfteh-skLrkffJQ=s0-h14-rp,MarketWatch,
"Accenture, Google Introduce New Cybersecurity Center of ...",,3 hours ago,2023-10-17 18:04:39.756828,news.google.com/./articles/CBMiY2h0dHBzOi8vZXhlY3V0aXZlZ292LmNvbS8yMDIzLzEwL2FjY2VudHVyZS1nb29nbGUtaW50cm9kdWNlLW5ldy1jeWJlcnNlY3VyaXR5LWNlbnRlci1vZi1leGNlbGxlbmNlL9IBAA?hl=en-US&gl=US&ceid=US%3Aen,https://lh3.googleusercontent.com/4Po0BFV_L-3m1AFVmW6cvA7QqZ-e2tQw8xKdKoVS3GJoKQ4GbNyZ6LZTXoetyrT-ObR_UjQY=s0-h14-rp,Executive Gov,
Coffee Briefing Oct. 17 – New app aims to address Canada’s climate crisis; Sage launches Intacct Payroll in Canada; Ada unveils Generative Actions,,5 hours ago,2023-10-17 16:04:39.777843,news.google.com/./articles/CBMiuQFodHRwczovL3d3dy5pdHdvcmxkY2FuYWRhLmNvbS9hcnRpY2xlL2NvZmZlZS1icmllZmluZy1vY3QtMTctbmV3LWFwcC1haW1zLXRvLWFkZHJlc3MtY2FuYWRhcy1jbGltYXRlLWNyaXNpcy1zYWdlLWxhdW5jaGVzLWludGFjY3QtcGF5cm9sbC1pbi1jYW5hZGEtYWRhLXVudmVpbHMtZ2VuZXJhdGl2ZS1hY3Rpb25zLzU0OTUzNdIBvwFodHRwczovL3d3dy5pdHdvcmxkY2FuYWRhLmNvbS9hcnRpY2xlL2NvZmZlZS1icmllZmluZy1vY3QtMTctbmV3LWFwcC1haW1zLXRvLWFkZHJlc3MtY2FuYWRhcy1jbGltYXRlLWNyaXNpcy1zYWdlLWxhdW5jaGVzLWludGFjY3QtcGF5cm9sbC1pbi1jYW5hZGEtYWRhLXVudmVpbHMtZ2VuZXJhdGl2ZS1hY3Rpb25zLzU0OTUzNT9hbXA9MQ?hl=en-US&gl=US&ceid=US%3Aen,https://lh3.googleusercontent.com/proxy/nY1YYY49lvEzeYiU4F4dA2RcNPxqv-TWF5TW7rVUXrKjFe8iA8wUtNCmdRooZpf-cLKgkDMJrk3Ky7o7tIzp_lTwR8TA_Mqx8cmvXaFSySuw1TY9c-qSAq1rTyP6Hv05QbCQbpDthsFH4hY3xBIW_PKqnSlX0GVCiO_AUtKj4KS0-GW6WfTcOjAavM5K=s0-h14-rp,IT World Canada,
"Accenture, Google Protect Federal Agencies from Cyberattacks",,5 hours ago,2023-10-17 16:04:39.755845,news.google.com/./articles/CBMiWmh0dHBzOi8vd3d3Lm1zc3BhbGVydC5jb20vbmV3cy9hY2NlbnR1cmUtZ29vZ2xlLXByb3RlY3QtZmVkZXJhbC1hZ2VuY2llcy1mcm9tLWN5YmVyYXR0YWNrc9IBAA?hl=en-US&gl=US&ceid=US%3Aen,https://lh3.googleusercontent.com/hGuBFTLxPcoHqhCIehOF_JYy8A66w3PUCiqegDy72KdAtFR4UdPV8p0A85VFwGvdzaEfPx1qFw=s0-h14-rp,MSSP Alert,
"Upb, la nuova portavoce è Daniela Bracco - MilanoFinanza News",,6 hours ago,2023-10-17 15:04:39.773845,news.google.com/./articles/CBMiXGh0dHBzOi8vd3d3Lm1pbGFub2ZpbmFuemEuaXQvbmV3cy91cGItbGEtbnVvdmEtcG9ydGF2b2NlLWUtZGFuaWVsYS1icmFjY28tMjAyMzEwMTcxOTM2NDY0Mzg10gEA?hl=en-US&gl=US&ceid=US%3Aen,https://lh3.googleusercontent.com/ekiGEIK1HaedujbsRaHR-VIruiGYssvtZKQOHnNcoykaOxtK6w6YPy72-M19in6PLyj5FN1fOA=s0-h14-rp,Milano Finanza,
428695 workers registered with the Mexican Social Security Institute ...,,6 hours ago,2023-10-17 15:04:39.767827,news.google.com/./articles/CBMifWh0dHBzOi8vd3d3LnRoZXl1Y2F0YW50aW1lcy5jb20vMjAyMy8xMC80Mjg2OTUtd29ya2Vycy1yZWdpc3RlcmVkLXdpdGgtdGhlLW1leGljYW4tc29jaWFsLXNlY3VyaXR5LWluc3RpdHV0ZS1pbXNzLWluLXl1Y2F0YW4v0gEA?hl=en-US&gl=US&ceid=US%3Aen,"https://encrypted-tbn1.gstatic.com/faviconV2?url=https://www.theyucatantimes.com&client=NEWS_360&size=96&type=FAVICON&fallback_opts=TYPE,SIZE,URL",The Yucatan Times,
Women in CyberSecurity (WiCyS) call for proposals for its 10th ...,,7 hours ago,2023-10-17 14:04:39.780884,news.google.com/./articles/CBMigQFodHRwczovL3d3dy5wcndlYi5jb20vcmVsZWFzZXMvd29tZW4taW4tY3liZXJzZWN1cml0eS13aWN5cy1jYWxsLWZvci1wcm9wb3NhbHMtZm9yLWl0cy0xMHRoLWFubml2ZXJzYXJ5LWNvbmZlcmVuY2UtMzAxOTU1NDYyLmh0bWzSAQA?hl=en-US&gl=US&ceid=US%3Aen,"https://encrypted-tbn3.gstatic.com/faviconV2?url=https://www.prweb.com&client=NEWS_360&size=96&type=FAVICON&fallback_opts=TYPE,SIZE,URL",PR Web,
PLM Software Market is Booming Worldwide with Accenture PLC ...,,7 hours ago,2023-10-17 14:04:39.777843,news.google.com/./articles/CBMiowFodHRwczovL2xhZ3VuYW5vdy5waC9uZXdzL3BsbS1zb2Z0d2FyZS1tYXJrZXQtaXMtYm9vbWluZy13b3JsZHdpZGUtd2l0aC1hY2NlbnR1cmUtcGxjLXNpZW1lbnMtYWctb3JhY2xlLWNvcnBvcmF0aW9uLWFyYXMtY29ycG9yYXRpb24tYXJlbmEtdGVjaG5vbG9naWVzLWxsYy81NTgwMTAv0gEA?hl=en-US&gl=US&ceid=US%3Aen,"https://encrypted-tbn3.gstatic.com/faviconV2?url=https://lagunanow.ph&client=NEWS_360&size=96&type=FAVICON&fallback_opts=TYPE,SIZE,URL",Laguna Now,
"Gang-related Shootings Shatter Peace in Ōpōtiki, New Zealand",,7 hours ago,2023-10-17 14:04:39.774833,news.google.com/./articles/CBMidmh0dHBzOi8vd3d3Lm1zbi5jb20vZW4tbnovbmV3cy9vdGhlci9nYW5nLXJlbGF0ZWQtc2hvb3RpbmdzLXNoYXR0ZXItcGVhY2UtaW4tJUM1JThEcCVDNSU4RHRpa2ktbmV3LXplYWxhbmQvYXItQUExaW5jQ0rSAQA?hl=en-US&gl=US&ceid=US%3Aen,"https://encrypted-tbn2.gstatic.com/faviconV2?url=https://www.msn.com&client=NEWS_360&size=96&type=FAVICON&fallback_opts=TYPE,SIZE,URL",msnNOW,
Mammoth Growth hires First Chief Revenue Officer,,7 hours ago,2023-10-17 14:04:39.764841,news.google.com/./articles/CBMiTWh0dHBzOi8vd3d3Lm1hcnRlY2hjdWJlLmNvbS9tYW1tb3RoLWdyb3d0aC1oaXJlcy1maXJzdC1jaGllZi1yZXZlbnVlLW9mZmljZXIv0gEA?hl=en-US&gl=US&ceid=US%3Aen,"https://encrypted-tbn1.gstatic.com/faviconV2?url=https://www.martechcube.com&client=NEWS_360&size=96&type=FAVICON&fallback_opts=TYPE,SIZE,URL",Martechcube,
Terlato Wine Group Tastes Success with NetSuite,,7 hours ago,2023-10-17 14:04:39.763838,news.google.com/./articles/CBMib2h0dHBzOi8vd3d3Lm9yYWNsZS5jb20vbmV3cy9hbm5vdW5jZW1lbnQvc3VpdGV3b3JsZC10ZXJsYXRvLXdpbmUtZ3JvdXAtdGFzdGVzLXN1Y2Nlc3Mtd2l0aC1uZXRzdWl0ZS0yMDIzLTEwLTE3L9IBAA?hl=en-US&gl=US&ceid=US%3Aen,"https://encrypted-tbn1.gstatic.com/faviconV2?url=https://www.oracle.com&client=NEWS_360&size=96&type=FAVICON&fallback_opts=TYPE,SIZE,URL",Oracle,
CEOs urged to 'lean in' on cybersecurity,,7 hours ago,2023-10-17 14:04:39.760841,news.google.com/./articles/CBMiUmh0dHBzOi8vd3d3LnRoZXNlbmlvci5jb20uYXUvc3RvcnkvODM5MDQ0OC9jZW9zLXVyZ2VkLXRvLWxlYW4taW4tb24tY3liZXJzZWN1cml0eS_SAQA?hl=en-US&gl=US&ceid=US%3Aen,https://lh3.googleusercontent.com/C6nnoKTdYanfy6UMVmrQgXF-9bwCFSh9StPAE7VxWuyQjhSFRJSNbPFATkKnMep3kb5RaWZE=s0-h14-rp,The Senior News,
Supply Chain Management Optimization Market 2029 | Accenture ...,,8 hours ago,2023-10-17 13:04:39.780884,news.google.com/./articles/CBMinwFodHRwczovL3d3dy5tZWFkZWNvdW50eW1lc3Nlbmdlci5jb20vYnVzaW5lc3Mvc3VwcGx5LWNoYWluLW1hbmFnZW1lbnQtb3B0aW1pemF0aW9uLW1hcmtldC0yMDI5LWFjY2VudHVyZS1jb25zdWx0aW5nLWJhaW4tY29tcGFueS1nZXAtaW5mb3N5cy1jb25zdWx0aW5nLzQzMzUwMC_SAQA?hl=en-US&gl=US&ceid=US%3Aen,"https://encrypted-tbn3.gstatic.com/faviconV2?url=https://www.meadecountymessenger.com&client=NEWS_360&size=96&type=FAVICON&fallback_opts=TYPE,SIZE,URL",The Meade County Messenger,
Weak outlook,,8 hours ago,2023-10-17 13:04:39.775843,news.google.com/./articles/CBMiVGh0dHBzOi8vd3d3LmJ1c2luZXNzLXN0YW5kYXJkLmNvbS9vcGluaW9uL2VkaXRvcmlhbC93ZWFrLW91dGxvb2stMTIzMTAxNzAxMTkyXzEuaHRtbNIBWGh0dHBzOi8vd3d3LmJ1c2luZXNzLXN0YW5kYXJkLmNvbS9hbXAvb3Bpbmlvbi9lZGl0b3JpYWwvd2Vhay1vdXRsb29rLTEyMzEwMTcwMTE5Ml8xLmh0bWw?hl=en-US&gl=US&ceid=US%3Aen,https://lh3.googleusercontent.com/25AdZql8C8Eh8kDECCtzFE4He0-hP9dFQ52UppO5SW6Lto_AVulUZjR1sEBi0pazbjh4K1aqvg=s0-h14-rp,Business Standard,
Dow Surges 100 Points; Goldman Sachs Posts Upbeat Earnings By ...,,8 hours ago,2023-10-17 13:04:39.764841,news.google.com/./articles/CBMicWh0dHBzOi8vdWsuaW52ZXN0aW5nLmNvbS9uZXdzL3N0b2NrLW1hcmtldC1uZXdzL2Rvdy1zdXJnZXMtMTAwLXBvaW50cy1nb2xkbWFuLXNhY2hzLXBvc3RzLXVwYmVhdC1lYXJuaW5ncy0zMTk0Mjgz0gEA?hl=en-US&gl=US&ceid=US%3Aen,https://lh3.googleusercontent.com/QkXmufnmlFtu93C8ulHtQJ09gZrk4IB1ECitRSMAxs9UMCpxD7D-fkX6Q4YBa24q_96J9P1a5A=s0-h14-rp,Investing.com UK,
Accenture e SAP colaboram para impulsionar a IA generativa nas ...,,8 hours ago,2023-10-17 13:04:39.763838,news.google.com/./articles/CBMib2h0dHBzOi8vaW5mb3JjaGFubmVsLmNvbS5ici8yMDIzLzEwLzE3L2FjY2VudHVyZS1lLXNhcC1jb2xhYm9yYW0tcGFyYS1pbXB1bHNpb25hci1hLWlhLWdlbmVyYXRpdmEtbmFzLWVtcHJlc2FzL9IBAA?hl=en-US&gl=US&ceid=US%3Aen,https://lh3.googleusercontent.com/AKivTz4LKYXQ8ccu2KOS9EhUPlgVQQ1S-QGj0ji_mXJXamorWhtLXkznpgBJMj2aDCjqH77o=s0-h14-rp,InforChannel,
Accenture to Revamp New Zealand's Hospital IT Systems: A Digital ...,,8 hours ago,2023-10-17 13:04:39.759881,news.google.com/./articles/CBMikQFodHRwczovL3d3dy5tc24uY29tL2VuLW56L25ld3Mvb3RoZXIvYWNjZW50dXJlLXRvLXJldmFtcC1uZXctemVhbGFuZC1zLWhvc3BpdGFsLWl0LXN5c3RlbXMtYS1kaWdpdGFsLWxlYXAtdG93YXJkcy1pbXByb3ZlZC1oZWFsdGhjYXJlL2FyLUFBMWltVFRv0gEA?hl=en-US&gl=US&ceid=US%3Aen,"https://encrypted-tbn2.gstatic.com/faviconV2?url=https://www.msn.com&client=NEWS_360&size=96&type=FAVICON&fallback_opts=TYPE,SIZE,URL",msnNOW,
No salary hikes for Accenture employees in India and Sri Lanka,,8 hours ago,2023-10-17 13:04:39.757833,news.google.com/./articles/CBMiUWh0dHBzOi8vZXJwLnRvZGF5L25vLXNhbGFyeS1oaWtlcy1mb3ItYWNjZW50dXJlLWVtcGxveWVlcy1pbi1pbmRpYS1hbmQtc3JpLWxhbmthL9IBAA?hl=en-US&gl=US&ceid=US%3Aen,https://lh3.googleusercontent.com/ZaCD04e7dXfNfG4UrwWvpFSHe6ceXNoiyTXZaLVwTLMQ7Deg0Osfmj4TSk5kBqALNMl2j3_Ycw=s0-h14-rp,ERP Today,
Deloitte selected as consulting partner for university mega-merger,,9 hours ago,2023-10-17 12:04:39.781827,news.google.com/./articles/CBMia2h0dHBzOi8vd3d3LmNvbnN1bHRhbmN5LmNvbS5hdS9uZXdzLzgyMzAvZGVsb2l0dGUtc2VsZWN0ZWQtYXMtY29uc3VsdGluZy1wYXJ0bmVyLWZvci11bml2ZXJzaXR5LW1lZ2EtbWVyZ2Vy0gFvaHR0cHM6Ly93d3cuY29uc3VsdGFuY3kuY29tLmF1L25ld3MvYW1wLzgyMzAvZGVsb2l0dGUtc2VsZWN0ZWQtYXMtY29uc3VsdGluZy1wYXJ0bmVyLWZvci11bml2ZXJzaXR5LW1lZ2EtbWVyZ2Vy?hl=en-US&gl=US&ceid=US%3Aen,https://lh3.googleusercontent.com/proxy/ldM8W3mBQE4NJvNen7ps9aDV_zLEQGzM_7HSoA9i1sKOk_2YBLJUDWPFXylwQUuVdiruCYKJ6sSB3oumAfnFfvvs9gvCTQI2A0GHeSfKSHN3Zd4KZhdBwRUNgUBGDGVLizrw7cUUuFDggdWuRJK6t1jBpKrLDAPhfG1h8wg8NgovFGQvxITbwgHLp6mN0w=s0-h14-rp,Consultancy.com.au,
Les clients dénoncent la « rétrécissement » et la « lésineflation ...,,9 hours ago,2023-10-17 12:04:39.772841,news.google.com/./articles/CBMinAFodHRwczovL3d3dy5vYnNlcnZhdG9pcmVkZWxldXJvcGUuY29tL2xlcy1jbGllbnRzLWRlbm9uY2VudC1sYS1yZXRyZWNpc3NlbWVudC1ldC1sYS1sZXNpbmVmbGF0aW9uLWFsb3JzLXF1ZS1sZXMtZW50cmVwcmlzZXMtcmVkdWlzZW50LWxldXJzLWNvdXRzX2E5MzE2Lmh0bWzSAQA?hl=en-US&gl=US&ceid=US%3Aen,"https://encrypted-tbn2.gstatic.com/faviconV2?url=https://www.observatoiredeleurope.com&client=NEWS_360&size=96&type=FAVICON&fallback_opts=TYPE,SIZE,URL",L'Observatoire de l'Europe,
"Accenture-eenheid, Alphabet's Google Public Sector lanceren ...",,9 hours ago,2023-10-17 12:04:39.771838,news.google.com/./articles/CBMipgFodHRwczovL25sLm1hcmtldHNjcmVlbmVyLmNvbS9rb2Vycy9hYW5kZWVsL0FMUEhBQkVULUlOQy0yNDIwMzM3My9uaWV1d3MvQWNjZW50dXJlLWVlbmhlaWQtQWxwaGFiZXQtcy1Hb29nbGUtUHVibGljLVNlY3Rvci1sYW5jZXJlbi1jeWJlcmJldmVpbGlnaW5nc2NlbnRydW0tNDUwODIxNzcv0gEA?hl=en-US&gl=US&ceid=US%3Aen,https://lh3.googleusercontent.com/j4Sg2VCT8yHNg3ZssI55_5h-rB7Y18bsT11jRryWjUuH9K6rsPkAI6IrqRco43PAqjMYpmzg5Q=s0-h14-rp,Marketscreener NL,
Digital Twin Market Expected To Achieve USD 274.2 Billion by 2032 ...,,9 hours ago,2023-10-17 12:04:39.769854,news.google.com/./articles/CBMiPWh0dHBzOi8vd3d3LmludmVzdG9yc29ic2VydmVyLmNvbS9uZXdzL3FtLXByLzgxMzAzNTAxMzE1MTA5MTHSAQA?hl=en-US&gl=US&ceid=US%3Aen,"https://encrypted-tbn3.gstatic.com/faviconV2?url=https://www.investorsobserver.com&client=NEWS_360&size=96&type=FAVICON&fallback_opts=TYPE,SIZE,URL",InvestorsObserver,
Accenture et Google Public Sector lancent un centre de cybersécurité,,9 hours ago,2023-10-17 12:04:39.767827,news.google.com/./articles/CBMilgFodHRwczovL3d3dy56b25lYm91cnNlLmNvbS9jb3Vycy9hY3Rpb24vQUxQSEFCRVQtSU5DLTI0MjAzMzczL2FjdHVhbGl0ZS9BY2NlbnR1cmUtZXQtR29vZ2xlLVB1YmxpYy1TZWN0b3ItbGFuY2VudC11bi1jZW50cmUtZGUtY3liZXJzZWN1cml0ZS00NTA4MjE3Ny_SAQA?hl=en-US&gl=US&ceid=US%3Aen,https://lh3.googleusercontent.com/c2fN3FN93R_CUt5U0Dp3ksGqRDM1GAbkKKPqediUevrrlNoyXYgbFZjw9N-DXVcCUL2oya2GDQ=s0-h14-rp,Zonebourse.com,
Gartner reveals top 10 strategic technology trends for 2024 and ...,,9 hours ago,2023-10-17 12:04:39.766847,news.google.com/./articles/CBMiQ2h0dHBzOi8vd2lyZTE5LmNvbS9nYXJ0bmVyLXJldmVhbHMtdG9wLXN0cmF0ZWdpYy10ZWNobm9sb2d5LXRyZW5kcy_SAQA?hl=en-US&gl=US&ceid=US%3Aen,https://lh3.googleusercontent.com/fFudVfYu8dZbjcpPP7E4noyLChsZUVV698e_A4gqY8GWpIB027Dospp1BFWMntkCPy7KZ4sEgg=s0-h14-rp,Wire19,
Lukt het adviesbureau Accenture om de ontwikkelingen op het ...,,9 hours ago,2023-10-17 12:04:39.761834,news.google.com/./articles/CBMijwFodHRwczovL3d3dy5ibnIubmwvcG9kY2FzdC9kZS10b3AtdmFuLW5lZGVybGFuZC8xMDUyODQxMy9sdWt0LWhldC1hZHZpZXNidXJlYXUtYWNjZW50dXJlLW9tLWRlLW9udHdpa2tlbGluZ2VuLW9wLWhldC1nZWJpZWQtdmFuLWFpLWJpai10ZS1iZW5lbtIBAA?hl=en-US&gl=US&ceid=US%3Aen,"https://encrypted-tbn1.gstatic.com/faviconV2?url=https://www.bnr.nl&client=NEWS_360&size=96&type=FAVICON&fallback_opts=TYPE,SIZE,URL",BNR Nieuws,
Accenture : collaboration avec SAP dans l'IA générative,,9 hours ago,2023-10-17 12:04:39.761834,news.google.com/./articles/CBMihQFodHRwczovL3d3dy56b25lYm91cnNlLmNvbS9jb3Vycy9hY3Rpb24vQUNDRU5UVVJFLVBMQy0xMTUyMS9hY3R1YWxpdGUvQWNjZW50dXJlLWNvbGxhYm9yYXRpb24tYXZlYy1TQVAtZGFucy1sLUlBLWdlbmVyYXRpdmUtNDUwODI0NDUv0gEA?hl=en-US&gl=US&ceid=US%3Aen,https://lh3.googleusercontent.com/c2fN3FN93R_CUt5U0Dp3ksGqRDM1GAbkKKPqediUevrrlNoyXYgbFZjw9N-DXVcCUL2oya2GDQ=s0-h14-rp,Zonebourse.com,
Cevo adds Allison Howells and Sean Hooper to leadership team,,9 hours ago,2023-10-17 12:04:39.760841,news.google.com/./articles/CBMiZWh0dHBzOi8vd3d3LmNvbnN1bHRhbmN5LmNvbS5hdS9uZXdzLzgyMjcvQ2V2by1hZGRzLWFsbGlzb24taG93ZWxscy1hbmQtc2Vhbi1ob29wZXItdG8tbGVhZGVyc2hpcC10ZWFt0gFpaHR0cHM6Ly93d3cuY29uc3VsdGFuY3kuY29tLmF1L25ld3MvYW1wLzgyMjcvQ2V2by1hZGRzLWFsbGlzb24taG93ZWxscy1hbmQtc2Vhbi1ob29wZXItdG8tbGVhZGVyc2hpcC10ZWFt?hl=en-US&gl=US&ceid=US%3Aen,https://lh3.googleusercontent.com/proxy/ldM8W3mBQE4NJvNen7ps9aDV_zLEQGzM_7HSoA9i1sKOk_2YBLJUDWPFXylwQUuVdiruCYKJ6sSB3oumAfnFfvvs9gvCTQI2A0GHeSfKSHN3Zd4KZhdBwRUNgUBGDGVLizrw7cUUuFDggdWuRJK6t1jBpKrLDAPhfG1h8wg8NgovFGQvxITbwgHLp6mN0w=s0-h14-rp,Consultancy.com.au,
"Accenture Unit, Alphabet's Google Public Sector Launch ...",,9 hours ago,2023-10-17 12:04:39.759881,news.google.com/./articles/CBMimgFodHRwczovL3d3dy5tYXJrZXRzY3JlZW5lci5jb20vcXVvdGUvc3RvY2svQUxQSEFCRVQtSU5DLTI0MjAzMzczL25ld3MvQWNjZW50dXJlLVVuaXQtQWxwaGFiZXQtcy1Hb29nbGUtUHVibGljLVNlY3Rvci1MYXVuY2gtQ3liZXJzZWN1cml0eS1DZW50ZXItNDUwODIxNzcv0gEA?hl=en-US&gl=US&ceid=US%3Aen,https://lh3.googleusercontent.com/Cwhcj9HyL4aQUaZj4zog5SCBY6E0sadclIfoeYmDYt6-09W4pnzviUhrm1j7U5I7HdalWfYhZA=s0-h14-rp,Marketscreener.com,
"Nasdaq Down Over 1%; US Retail Sales Top Expectations - BIO-key Intl (NASDAQ:BKYI), Assembly Biosciences",,10 hours ago,2023-10-17 11:04:39.777843,news.google.com/./articles/CBMiaWh0dHBzOi8vd3d3LmJlbnppbmdhLmNvbS9uZXdzL2Vhcm5pbmdzLzIzLzEwLzM1Mjg4OTcwL25hc2RhcS1kb3duLW92ZXItMS11cy1yZXRhaWwtc2FsZXMtdG9wLWV4cGVjdGF0aW9uc9IBLWh0dHBzOi8vd3d3LmJlbnppbmdhLmNvbS9hbXAvY29udGVudC8zNTI4ODk3MA?hl=en-US&gl=US&ceid=US%3Aen,https://lh3.googleusercontent.com/Kg5slaOP_n3XLEhwNqmLpBqIZY9zUkY7E0xUuY5H3fbWPa-1O_XlBM5vTUy9OcAVhCa2uDolOg=s0-h14-rp,Benzinga,
Shared Services Market is Set To Fly High in Years to Come ...,,10 hours ago,2023-10-17 11:04:39.775843,news.google.com/./articles/CBMiigFodHRwczovL2luZHVzdHJ5dG9kYXkuY28udWsvaXQvc2hhcmVkLXNlcnZpY2VzLW1hcmtldC1pcy1zZXQtdG8tZmx5LWhpZ2gtaW4teWVhcnMtdG8tY29tZS1oYWNrZXR0LWdyb3VwLXN5bWFudGVjLW9yYWNsZS1kZWxvaXR0ZS1hY2NlbnR1cmXSAQA?hl=en-US&gl=US&ceid=US%3Aen,"https://encrypted-tbn1.gstatic.com/faviconV2?url=https://industrytoday.co.uk&client=NEWS_360&size=96&type=FAVICON&fallback_opts=TYPE,SIZE,URL",Industry Today,
Εξαγορά της The Storytellers από την Accenture,,10 hours ago,2023-10-17 11:04:39.769854,news.google.com/./articles/CBMiSGh0dHBzOi8vbWFya2V0aW5nd2Vlay5nci9leGFnb3JhLXRpcy10aGUtc3Rvcnl0ZWxsZXJzLWFwby10aW4tYWNjZW50dXJlL9IBAA?hl=en-US&gl=US&ceid=US%3Aen,https://lh3.googleusercontent.com/tsW5IxLf39LUy16YB-rAihk5suIAKoc2st9GM6yOXRmtedbLPix8pHuK3RQYHzxwykacw1Hz=s0-h14-rp,Marketing Week,
"प्राइवेट नौकरी: Accenture ने एसोसिएट के लिए वैकेंसी निकाली है, ग्रेजुएट्स करें अप्लाय, लोकेशन पैन इंडिया",,10 hours ago,2023-10-17 11:04:39.765844,news.google.com/./articles/CBMiigFodHRwczovL3d3dy5iaGFza2FyLmNvbS9jYXJlZXIvbmV3cy9hY2NlbnR1cmUtaGFzLWFubm91bmNlZC12YWNhbmN5LWZvci1hc3NvY2lhdGUtZ3JhZHVhdGVzLXNob3VsZC1hcHBseS1sb2NhdGlvbi1wYW4taW5kaWEtMTMyMDA2NjM0Lmh0bWzSAY4BaHR0cHM6Ly93d3cuYmhhc2thci5jb20vYW1wL2NhcmVlci9uZXdzL2FjY2VudHVyZS1oYXMtYW5ub3VuY2VkLXZhY2FuY3ktZm9yLWFzc29jaWF0ZS1ncmFkdWF0ZXMtc2hvdWxkLWFwcGx5LWxvY2F0aW9uLXBhbi1pbmRpYS0xMzIwMDY2MzQuaHRtbA?hl=en-US&gl=US&ceid=US%3Aen,https://lh3.googleusercontent.com/8uFdNzCXqEcQdX99xeGezdwzniD6BFU9ZokxGN_EPZJcmHoyvwbhqVzZDVZPHisWGVyIbox1iA=s0-h14-rp,Dainik Bhaskar,
Supporting Black entrepreneurship: a conversation with student ...,,10 hours ago,2023-10-17 11:04:39.763838,news.google.com/./articles/CBMifGh0dHBzOi8vd3d3LnVvZmxuZXdzLmNvbS9wb3N0L3VvZmx0b2RheS9zdXBwb3J0aW5nLWJsYWNrLWVudHJlcHJlbmV1cnNoaXAtYS1jb252ZXJzYXRpb24td2l0aC1zdGFydHVwLWZvdW5kZXItbWVhZ2FuLXR1cm5lci_SAQA?hl=en-US&gl=US&ceid=US%3Aen,"https://encrypted-tbn0.gstatic.com/faviconV2?url=https://www.uoflnews.com&client=NEWS_360&size=96&type=FAVICON&fallback_opts=TYPE,SIZE,URL",uoflnews.com,
Customers decry 'shrinkflation' and 'skimpflation' as businesses cut ...,,10 hours ago,2023-10-17 11:04:39.758834,news.google.com/./articles/CBMib2h0dHBzOi8vd3d3LmV1cm9uZXdzLmNvbS9uZXh0LzIwMjMvMTAvMTcvY3VzdG9tZXJzLWRlY3J5LXNocmlua2ZsYXRpb24tYW5kLXNraW1wZmxhdGlvbi1hcy1idXNpbmVzc2VzLWN1dC1jb3N0c9IBAA?hl=en-US&gl=US&ceid=US%3Aen,https://lh3.googleusercontent.com/dDXRCHYvgF00H8KgCzNNfOyKnYuPV2iuTz2kQ6KtXFQDIqgex3VcECy9Qpn0uoYg7_6mCgAFgA=s0-h14-rp,Euronews,
Program CRC dla studentów ma już 10 lat! Z tej okazji w centrum ...,,11 hours ago,2023-10-17 10:04:39.780884,news.google.com/./articles/CBMipgFodHRwczovL3d3dy53a2F0b3dpY2FjaC5ldS9pbmZvcm1hY2plL3cta2F0b3dpY2FjaC9Qcm9ncmFtLUNSQy1kbGEtc3R1ZGVudG93LW1hLWp1ei0xMC1sYXQtWi10ZWotb2themppLXctY2VudHJ1bS1LYXRvd2ljLXBvc2Fkem9uby1ibGlza28tMjAwLXJvc2xpbi1aZGplY2lhL2lkbjo0ODky0gEA?hl=en-US&gl=US&ceid=US%3Aen,"https://encrypted-tbn1.gstatic.com/faviconV2?url=https://www.wkatowicach.eu&client=NEWS_360&size=96&type=FAVICON&fallback_opts=TYPE,SIZE,URL",wKatowicach.eu,
Peste 7000 de joburi disponibile la Angajatori de TOP Bucureşti,,11 hours ago,2023-10-17 10:04:39.775843,news.google.com/./articles/CBMiXWh0dHBzOi8vd3d3LmJ1cnNhLnJvL3Blc3RlLTcwMDAtZGUtam9idXJpLWRpc3BvbmliaWxlLWxhLWFuZ2FqYXRvcmktZGUtdG9wLWJ1Y3VyZXN0aS02NTg0MDE1M9IBAA?hl=en-US&gl=US&ceid=US%3Aen,"https://encrypted-tbn1.gstatic.com/faviconV2?url=https://www.bursa.ro&client=NEWS_360&size=96&type=FAVICON&fallback_opts=TYPE,SIZE,URL",Ziarul Bursa,
"Brit brands Gymshark, Unilever get 'appy with Google GenAI",,11 hours ago,2023-10-17 10:04:39.773845,news.google.com/./articles/CBMiU2h0dHBzOi8vZXJwLnRvZGF5L2JyaXQtYnJhbmRzLWd5bXNoYXJrLXVuaWxldmVyLWFyZS1nZXR0aW5nLWFwcHktd2l0aC1nb29nbGUtZ2VuYWkv0gEA?hl=en-US&gl=US&ceid=US%3Aen,https://lh3.googleusercontent.com/ZaCD04e7dXfNfG4UrwWvpFSHe6ceXNoiyTXZaLVwTLMQ7Deg0Osfmj4TSk5kBqALNMl2j3_Ycw=s0-h14-rp,ERP Today,
Insider Trades Halliburton and Pinterest,,11 hours ago,2023-10-17 10:04:39.771838,news.google.com/./articles/CBMiQGh0dHBzOi8vYmVzdHN0b2Nrcy5jb20vaW5zaWRlci10cmFkZXMtaGFsbGlidXJ0b24tYW5kLXBpbnRlcmVzdC_SAQA?hl=en-US&gl=US&ceid=US%3Aen,https://lh3.googleusercontent.com/gq2NGUoH-wKhOQxTSloC2pWO4FwidvI6gJ4NTnOBzy-DXdbF5LUisSd4x_0bE_IwU_UHsEh70g=s0-h14-rp,Best Stocks,
Deloitte and Google Public Sector Expand Strategic Alliance to ...,,11 hours ago,2023-10-17 10:04:39.769854,news.google.com/./articles/CBMiugFodHRwczovL3d3dy5wcm5ld3N3aXJlLmNvbS9uZXdzLXJlbGVhc2VzL2RlbG9pdHRlLWFuZC1nb29nbGUtcHVibGljLXNlY3Rvci1leHBhbmQtc3RyYXRlZ2ljLWFsbGlhbmNlLXRvLWFjY2VsZXJhdGUtdGVjaG5vbG9neS1pbm5vdmF0aW9uLWluLWdvdmVybm1lbnQtYW5kLWhpZ2hlci1lZHVjYXRpb24tMzAxOTU4MjQyLmh0bWzSAQA?hl=en-US&gl=US&ceid=US%3Aen,https://lh3.googleusercontent.com/kd4boDIAMrfLacAtxrTqjqFkNwWWXvjlUXvGopbygXrEd8tqNFDDupdS_U-aXg9Cs2UvIR2O_g=s0-h14-rp,PR Newswire,
Managed Services Top 10 Companies | Largest IT Services,,11 hours ago,2023-10-17 10:04:39.766847,news.google.com/./articles/CBMiOmh0dHBzOi8vc2Nvb3AubWFya2V0LnVzL3RvcC0xMC1tYW5hZ2VkLXNlcnZpY2VzLWNvbXBhbmllcy_SAQA?hl=en-US&gl=US&ceid=US%3Aen,https://lh3.googleusercontent.com/iWDUUAQNcijdstDfB5AtC54VYFoCkLzcq0Vl_zB-HKqmc2JEXTjXjLtfGWrBfSgnDgaJTJQ3Gg=s0-h14-rp,Market.us Scoop - Market News,
3 Types of Email Scams—And How to Defend Your Small Business,,11 hours ago,2023-10-17 10:04:39.764841,news.google.com/./articles/CBMiMGh0dHBzOi8vd3d3LmFsbGJ1c2luZXNzLmNvbS90eXBlcy1vZi1lbWFpbC1zY2Ftc9IBAA?hl=en-US&gl=US&ceid=US%3Aen,https://lh3.googleusercontent.com/teprtiHCWVUOW5mb94dKYffxaht-spJWG5lya00AaSQp8mJuzsgzKFyshSoR6_OpXBDAK2bsJ-s=s0-h14-rp,AllBusiness.com,
DEI efforts need to include disabled workers: Opinion,,11 hours ago,2023-10-17 10:04:39.762861,news.google.com/./articles/CBMiWWh0dHBzOi8vd3d3LmNoaWNhZ29idXNpbmVzcy5jb20vb3Bpbmlvbi9kZWktZWZmb3J0cy1uZWVkLWluY2x1ZGUtZGlzYWJsZWQtd29ya2Vycy1vcGluaW9u0gEA?hl=en-US&gl=US&ceid=US%3Aen,"https://encrypted-tbn2.gstatic.com/faviconV2?url=https://www.chicagobusiness.com&client=NEWS_360&size=96&type=FAVICON&fallback_opts=TYPE,SIZE,URL",Crain's Chicago Business,
"5 macrotendências para 2024, segundo a Accenture Song",,11 hours ago,2023-10-17 10:04:39.761834,news.google.com/./articles/CBMiX2h0dHBzOi8vd3d3Lm1laW9lbWVuc2FnZW0uY29tLmJyL21hcmtldGluZy81LW1hY3JvdGVuZGVuY2lhcy1wYXJhLTIwMjQtc2VndW5kby1hLWFjY2VudHVyZS1zb25n0gEA?hl=en-US&gl=US&ceid=US%3Aen,"https://encrypted-tbn2.gstatic.com/faviconV2?url=https://www.meioemensagem.com.br&client=NEWS_360&size=96&type=FAVICON&fallback_opts=TYPE,SIZE,URL",Meio e Mensagem,
What Is Neuromorphic Computing?,,11 hours ago,2023-10-17 10:04:39.760841,news.google.com/./articles/CBMiQmh0dHBzOi8vYnVpbHRpbi5jb20vYXJ0aWZpY2lhbC1pbnRlbGxpZ2VuY2UvbmV1cm9tb3JwaGljLWNvbXB1dGluZ9IBAA?hl=en-US&gl=US&ceid=US%3Aen,https://lh3.googleusercontent.com/wi2_8HTT_Iwvepp4IeH28s5UhbHkOHTB4zewulPvBxAHaX1xIlT_lVxjohXw3vkjQccDsZwZbPI=s0-h14-rp,Built In,
Accenture's Annual Life Trends Forecasts a Decade of Continued ...,,11 hours ago,2023-10-17 10:04:39.756828,news.google.com/./articles/CBMiyQFodHRwczovL25ld3Nyb29tLmFjY2VudHVyZS5jb20vbmV3cy9hY2NlbnR1cmVzLWFubnVhbC1saWZlLXRyZW5kcy1mb3JlY2FzdHMtYS1kZWNhZGUtb2YtY29udGludWVkLXRyYW5zZm9ybWF0aXZlLWNoYW5nZS1zcGFya2VkLWJ5LWdlbmVyYXRpdmUtYWktc2hpZnRzLWluLWNvbnN1bWVyLXZhbHVlcy1hbmQtYWNjZWxlcmF0ZWQtaW5ub3ZhdGlvbi5odG3SAQA?hl=en-US&gl=US&ceid=US%3Aen,"https://encrypted-tbn0.gstatic.com/faviconV2?url=https://newsroom.accenture.com&client=NEWS_360&size=96&type=FAVICON&fallback_opts=TYPE,SIZE,URL",Newsroom | Accenture,
Accenture Federal Services and Google Public Sector Launch ...,,11 hours ago,2023-10-17 10:04:39.755845,news.google.com/./articles/CBMihQFodHRwczovL25ld3Nyb29tLmFjY2VudHVyZS5jb20vbmV3cy9hY2NlbnR1cmUtZmVkZXJhbC1zZXJ2aWNlcy1hbmQtZ29vZ2xlLXB1YmxpYy1zZWN0b3ItbGF1bmNoLWN5YmVyc2VjdXJpdHktY2VudGVyLW9mLWV4Y2VsbGVuY2UuaHRt0gEA?hl=en-US&gl=US&ceid=US%3Aen,"https://encrypted-tbn0.gstatic.com/faviconV2?url=https://newsroom.accenture.com&client=NEWS_360&size=96&type=FAVICON&fallback_opts=TYPE,SIZE,URL",Newsroom | Accenture,
Technical Transformation Service Market Is Booming Across the ...,,12 hours ago,2023-10-17 09:04:39.774833,news.google.com/./articles/CBMitgFodHRwczovL3d3dy5kaWdpdGFsam91cm5hbC5jb20vcHIvbmV3cy9jZG4tbmV3c3dpcmUvdGVjaG5pY2FsLXRyYW5zZm9ybWF0aW9uLXNlcnZpY2UtbWFya2V0LWlzLWJvb21pbmctYWNyb3NzLXRoZS1nbG9iZS1leHBsb3JlZC1pbi1sYXRlc3QtcmVwb3J0LTIwMjMtMjAzMC1rb3R0ZXItYWNjZW50dXJlLWNhcGdlbWluadIBAA?hl=en-US&gl=US&ceid=US%3Aen,"https://encrypted-tbn3.gstatic.com/faviconV2?url=https://www.digitaljournal.com&client=NEWS_360&size=96&type=FAVICON&fallback_opts=TYPE,SIZE,URL",Digital Journal,
Leidos Partnership Deploys MHS GENESIS Overseas in First of Two ...,,12 hours ago,2023-10-17 09:04:39.768836,news.google.com/./articles/CBMijAFodHRwczovL3d3dy5wcm5ld3N3aXJlLmNvbS9uZXdzLXJlbGVhc2VzL2xlaWRvcy1wYXJ0bmVyc2hpcC1kZXBsb3lzLW1ocy1nZW5lc2lzLW92ZXJzZWFzLWluLWZpcnN0LW9mLXR3by1wbGFubmVkLW9jb251cy13YXZlcy0zMDE5NTg0MzYuaHRtbNIBAA?hl=en-US&gl=US&ceid=US%3Aen,https://lh3.googleusercontent.com/kd4boDIAMrfLacAtxrTqjqFkNwWWXvjlUXvGopbygXrEd8tqNFDDupdS_U-aXg9Cs2UvIR2O_g=s0-h14-rp,PR Newswire,
Accelerating the Energy Transition with Digital Transformation,,12 hours ago,2023-10-17 09:04:39.767827,news.google.com/./articles/CBMibGh0dHBzOi8vYWZyaWNhbi5idXNpbmVzcy8yMDIzLzEwL2Fwby1uZXdzZmVlZC9hY2NlbGVyYXRpbmctdGhlLWVuZXJneS10cmFuc2l0aW9uLXdpdGgtZGlnaXRhbC10cmFuc2Zvcm1hdGlvbtIBAA?hl=en-US&gl=US&ceid=US%3Aen,https://lh3.googleusercontent.com/VNi4J3xCVtCZJRRdlV4-C4_o38mEyp8jn2RnHkzmKKd1vJ_c08r378tb306qexJRk_6m0m9IBQ=s0-h14-rp,African Business,
Accenture plc werkt samen met SAP om organisaties te helpen ...,,12 hours ago,2023-10-17 09:04:39.766847,news.google.com/./articles/CBMirwFodHRwczovL25sLm1hcmtldHNjcmVlbmVyLmNvbS9rb2Vycy9hYW5kZWVsL1NBUC1TRS00MzY1NTUvbmlldXdzL0FjY2VudHVyZS1wbGMtd2Vya3Qtc2FtZW4tbWV0LVNBUC1vbS1vcmdhbmlzYXRpZXMtdGUtaGVscGVuLWdlbmVyYXRpZXZlLUFJLXRlLWltcGxlbWVudGVyZW4tZW4tRVJQLXQtNDUwODM1MzYv0gEA?hl=en-US&gl=US&ceid=US%3Aen,https://lh3.googleusercontent.com/j4Sg2VCT8yHNg3ZssI55_5h-rB7Y18bsT11jRryWjUuH9K6rsPkAI6IrqRco43PAqjMYpmzg5Q=s0-h14-rp,Marketscreener NL,
Yokogawa Joins Avelia’s Blockchain-Powered Sustainable Aviation Fuel Purchasing Program,,12 hours ago,2023-10-17 09:04:39.761834,news.google.com/./articles/CBMiS2h0dHBzOi8vd3d3LnRoZXdlZWsuaW4vd2lyZS11cGRhdGVzL2J1c2luZXNzLzIwMjMvMTAvMTcvZGNtNjAteW9rb2dhd2EuaHRtbNIBT2h0dHBzOi8vd3d3LnRoZXdlZWsuaW4vd2lyZS11cGRhdGVzL2J1c2luZXNzLzIwMjMvMTAvMTcvZGNtNjAteW9rb2dhd2EuYW1wLmh0bWw?hl=en-US&gl=US&ceid=US%3Aen,https://lh3.googleusercontent.com/EpHrhh3XKBdIj-trAInd3HnZ5m-VUv6mYKpKs1Qsd2p1V9e9inULwyU9YRgIsDE7zEONHuF4ow=s0-h14-rp,The Week,
"Accenture, Robinhood And 2 Other Stocks Insiders Are Selling - Halliburton (NYSE:HAL), Accenture (NYSE:AC",,12 hours ago,2023-10-17 09:04:39.758834,news.google.com/./articles/CBMiaGh0dHBzOi8vd3d3LmJlbnppbmdhLmNvbS9uZXdzLzIzLzEwLzM1Mjg0NTc2L2FjY2VudHVyZS1yb2Jpbmhvb2QtYW5kLTItb3RoZXItc3RvY2tzLWluc2lkZXJzLWFyZS1zZWxsaW5n0gEtaHR0cHM6Ly93d3cuYmVuemluZ2EuY29tL2FtcC9jb250ZW50LzM1Mjg0NTc2?hl=en-US&gl=US&ceid=US%3Aen,https://lh3.googleusercontent.com/Kg5slaOP_n3XLEhwNqmLpBqIZY9zUkY7E0xUuY5H3fbWPa-1O_XlBM5vTUy9OcAVhCa2uDolOg=s0-h14-rp,Benzinga,
Accenture EMEA CEO disposes of ~$2M worth of stake (NYSE:ACN),,12 hours ago,2023-10-17 09:04:39.758834,news.google.com/./articles/CBMiVmh0dHBzOi8vc2Vla2luZ2FscGhhLmNvbS9uZXdzLzQwMjEwNDAtYWNjZW50dXJlLWVtZWEtY2VvLWRpc3Bvc2VzLW9mLTJtLXdvcnRoLW9mLXN0YWtl0gEA?hl=en-US&gl=US&ceid=US%3Aen,https://lh3.googleusercontent.com/-AuHkF7hb4isLMc4bLhcnlm659w_XJ47Fpzr3Zllk7uXpuSuSOuj7f89tXfFkYLzol580OROWQ=s0-h14-rp,Seeking Alpha,
Accenture Collaborates with SAP to Help Organizations Adopt ...,,12 hours ago,2023-10-17 09:04:39.757833,news.google.com/./articles/CBMioAFodHRwczovL25ld3Nyb29tLmFjY2VudHVyZS5jb20vbmV3cy9hY2NlbnR1cmUtY29sbGFib3JhdGVzLXdpdGgtc2FwLXRvLWhlbHAtb3JnYW5pemF0aW9ucy1hZG9wdC1nZW5lcmF0aXZlLWFpLWFuZC1hY2NlbGVyYXRlLWVycC10cmFuc2Zvcm1hdGlvbi1pbi10aGUtY2xvdWQuaHRt0gEA?hl=en-US&gl=US&ceid=US%3Aen,"https://encrypted-tbn0.gstatic.com/faviconV2?url=https://newsroom.accenture.com&client=NEWS_360&size=96&type=FAVICON&fallback_opts=TYPE,SIZE,URL",Newsroom | Accenture,
Mobile Testing for Applications Market is Likely to Increase At a Significantly High CAGR During Forecast P...,,13 hours ago,2023-10-17 08:04:39.779833,news.google.com/./articles/CBMitwFodHRwczovL3d3dy5zZWVkYW5jZS5jb20vbW9iaWxlLXRlc3RpbmctZm9yLWFwcGxpY2F0aW9ucy1tYXJrZXQtaXMtbGlrZWx5LXRvLWluY3JlYXNlLWF0LWEtc2lnbmlmaWNhbnRseS1oaWdoLWNhZ3ItZHVyaW5nLWZvcmVjYXN0LXBlcmlvZC0yMDI5LWlibS1hY2NlbnR1cmUtd2lwcm8tY2FwZ2VtaW5pLWNvZ25pemFudC_SAbsBaHR0cHM6Ly93d3cuc2VlZGFuY2UuY29tL21vYmlsZS10ZXN0aW5nLWZvci1hcHBsaWNhdGlvbnMtbWFya2V0LWlzLWxpa2VseS10by1pbmNyZWFzZS1hdC1hLXNpZ25pZmljYW50bHktaGlnaC1jYWdyLWR1cmluZy1mb3JlY2FzdC1wZXJpb2QtMjAyOS1pYm0tYWNjZW50dXJlLXdpcHJvLWNhcGdlbWluaS1jb2duaXphbnQvYW1wLw?hl=en-US&gl=US&ceid=US%3Aen,"https://encrypted-tbn2.gstatic.com/faviconV2?url=https://www.seedance.com&client=NEWS_360&size=96&type=FAVICON&fallback_opts=TYPE,SIZE,URL",SeeDance News,
HR Outsourcing and Consultancy Service Market Insights and Business Expansion: Comprehensive Analysis of D...,,13 hours ago,2023-10-17 08:04:39.778842,news.google.com/./articles/CBMi2AFodHRwczovL3d3dy5zZWVkYW5jZS5jb20vaHItb3V0c291cmNpbmctYW5kLWNvbnN1bHRhbmN5LXNlcnZpY2UtbWFya2V0LWluc2lnaHRzLWFuZC1idXNpbmVzcy1leHBhbnNpb24tY29tcHJlaGVuc2l2ZS1hbmFseXNpcy1vZi1kZW1hbmQtc2FsZXMtYW5kLXByb2R1Y3Rpb24tMjAyMy0yMDI4LWluc3Blcml0eS1vYXNpcy1vdXRzb3VyY2luZy1hY2NlbnR1cmUtaHItY3BlaHItZy_SAdwBaHR0cHM6Ly93d3cuc2VlZGFuY2UuY29tL2hyLW91dHNvdXJjaW5nLWFuZC1jb25zdWx0YW5jeS1zZXJ2aWNlLW1hcmtldC1pbnNpZ2h0cy1hbmQtYnVzaW5lc3MtZXhwYW5zaW9uLWNvbXByZWhlbnNpdmUtYW5hbHlzaXMtb2YtZGVtYW5kLXNhbGVzLWFuZC1wcm9kdWN0aW9uLTIwMjMtMjAyOC1pbnNwZXJpdHktb2FzaXMtb3V0c291cmNpbmctYWNjZW50dXJlLWhyLWNwZWhyLWcvYW1wLw?hl=en-US&gl=US&ceid=US%3Aen,"https://encrypted-tbn2.gstatic.com/faviconV2?url=https://www.seedance.com&client=NEWS_360&size=96&type=FAVICON&fallback_opts=TYPE,SIZE,URL",SeeDance News,
Junior Consultant IT (all genders) in Berlin gesucht,,13 hours ago,2023-10-17 08:04:39.776834,news.google.com/./articles/CBMiWmh0dHBzOi8vd3d3Lml0LWpvdXJuYWwuZGUvMTI4MTY3LWp1bmlvci1jb25zdWx0YW50LWl0LWFsbC1nZW5kZXJzLWluLWJlcmxpbi1nZXN1Y2h0LTIuaHRtbNIBAA?hl=en-US&gl=US&ceid=US%3Aen,https://lh3.googleusercontent.com/2Fhv_xVG4ARaYhzCZzqgXP2VtKQdXT4Q_az0ydGO3nSdTdJEjgDmqti22OewxJc3GbtpB-rE4HY=s0-h14-rp,IT-Journal.de,
Digital Healthcare Market Increasing Emphasis to Promote Growth ...,,13 hours ago,2023-10-17 08:04:39.774833,news.google.com/./articles/CBMiwgFodHRwczovL3d3dy5kaWdpdGFsam91cm5hbC5jb20vcHIvbmV3cy9jb2hlcmVudC1tYXJrZXQtaW5zaWdodHMvZGlnaXRhbC1oZWFsdGhjYXJlLW1hcmtldC1pbmNyZWFzaW5nLWVtcGhhc2lzLXRvLXByb21vdGUtZ3Jvd3RoLXRpbGwtMjAzMC1pYm0tY29ycG9yYXRpb24tY2dpLWdyb3VwLWluYy1hY2NlbnR1cmUtcGxjLWRlbG9pdHRlLWxscNIBAA?hl=en-US&gl=US&ceid=US%3Aen,"https://encrypted-tbn3.gstatic.com/faviconV2?url=https://www.digitaljournal.com&client=NEWS_360&size=96&type=FAVICON&fallback_opts=TYPE,SIZE,URL",Digital Journal,
RPC unveils new IP and tech partner | Natasha Doris | CDR Article,,13 hours ago,2023-10-17 08:04:39.768836,news.google.com/./articles/CBMiXmh0dHBzOi8vd3d3LmNkci1uZXdzLmNvbS9jYXRlZ29yaWVzL3Blb3BsZS1hbmQtZmlybXMvMTk1NjUtcnBjLXVudmVpbHMtbmV3LWlwLWFuZC10ZWNoLXBhcnRuZXLSAQA?hl=en-US&gl=US&ceid=US%3Aen,"https://encrypted-tbn0.gstatic.com/faviconV2?url=https://www.cdr-news.com&client=NEWS_360&size=96&type=FAVICON&fallback_opts=TYPE,SIZE,URL",CDR Magazine,
WWF Italia sceglie Accenture Song e lancia la campagna,,13 hours ago,2023-10-17 08:04:39.762861,news.google.com/./articles/CBMibWh0dHBzOi8vd3d3LmVuZ2FnZS5pdC9jYW1wYWduZS93d2YtaXRhbGlhLXNjZWdsaWUtYWNjZW50dXJlLXNvbmctZS1sYW5jaWEtbGEtY2FtcGFnbmEtaWwtcGFuZGEtc2lhbW8tbm9pLmFzcHjSAQA?hl=en-US&gl=US&ceid=US%3Aen,"https://encrypted-tbn1.gstatic.com/faviconV2?url=https://www.engage.it&client=NEWS_360&size=96&type=FAVICON&fallback_opts=TYPE,SIZE,URL",Engage.it,
"Industrial IoT Market 2023 : Top Global Companies, Business ...",,14 hours ago,2023-10-17 07:04:39.779833,news.google.com/./articles/CBMi4wFodHRwczovL3d3dy5kaWdpdGFsam91cm5hbC5jb20vcHIvbmV3cy9jb2hlcmVudC1tYXJrZXQtaW5zaWdodHMvaW5kdXN0cmlhbC1pb3QtbWFya2V0LTIwMjMtdG9wLWdsb2JhbC1jb21wYW5pZXMtYnVzaW5lc3MtaW5zaWdodHMtb3Bwb3J0dW5pdGllcy1yZWdpb25hbC1vdmVydmlldy1zdHJhdGVnaWVzLWFuZC1zaXplLWZvcmVjYXN0LXVudGlsLTIwMzAtc2llbWVucy1hZy1hY2NlbnR1cmUtcGxjLdIBAA?hl=en-US&gl=US&ceid=US%3Aen,"https://encrypted-tbn3.gstatic.com/faviconV2?url=https://www.digitaljournal.com&client=NEWS_360&size=96&type=FAVICON&fallback_opts=TYPE,SIZE,URL",Digital Journal,
Creating an engaging customer experience with an authentic brand ...,,14 hours ago,2023-10-17 07:04:39.766847,news.google.com/./articles/CBMidmh0dHBzOi8vd3d3LnJldGFpbGN1c3RvbWVyZXhwZXJpZW5jZS5jb20vYmxvZ3MvY3JlYXRpbmctYW4tZW5nYWdpbmctY3VzdG9tZXItZXhwZXJpZW5jZS13aXRoLWFuLWF1dGhlbnRpYy1icmFuZC12b2ljZS_SAQA?hl=en-US&gl=US&ceid=US%3Aen,https://lh3.googleusercontent.com/8phu1dmlxEnKYs5mw4WRULR2gD6FdbDbSwOfz_65xr5I98ypD7k5fo69mnpGSUv48aURoUA2=s0-h14-rp,Retail Customer Experience,
How Gen Z is reshaping beauty,,14 hours ago,2023-10-17 07:04:39.765844,news.google.com/./articles/CBMiYGh0dHBzOi8vd3d3LnZvZ3VlYnVzaW5lc3MuY29tL2V2ZW50cy92b2d1ZS1idXNpbmVzcy1uZXcteW9yay1ldmVudC1ob3ctZ2VuLXotaXMtcmVzaGFwaW5nLWJlYXV0edIBAA?hl=en-US&gl=US&ceid=US%3Aen,https://lh3.googleusercontent.com/UjCEf0knFFdQbNp5HnGrkxyYsIbzriwjt4Dwedhrz5IpU0vpWwnqQpUmjEsr6KLAF-dKDi-tYw=s0-h14-rp,Vogue Business,
AI за бизнеса: Експерти от глобални компании идват за Digital ...,,15 hours ago,2023-10-17 06:04:39.778842,news.google.com/./articles/CBMiW2h0dHBzOi8vcHJvZml0LmJnL2FpLXphLWJpem5lc2EtZWtzcGVydGktb3QtZ2xvYmFsbmkta29tcGFuaWktaWR2YXQtemEtZGlnaXRhbC10cmVuZHMtMjAyMy_SAQA?hl=en-US&gl=US&ceid=US%3Aen,"https://encrypted-tbn0.gstatic.com/faviconV2?url=https://profit.bg&client=NEWS_360&size=96&type=FAVICON&fallback_opts=TYPE,SIZE,URL",Profit.bg,
WWF mostra i progressi dell'uomo verso la sua estinzione con la ...,,15 hours ago,2023-10-17 06:04:39.772841,news.google.com/./articles/CBMinAFodHRwczovL2JyYW5kLW5ld3MuaXQvYnJhbmQvaXN0aXR1emlvbmkvbm8tcHJvZml0L3d3Zi1tb3N0cmEtaS1wcm9ncmVzc2ktZGVsbHVvbW8tdmVyc28tbGEtc3VhLWVzdGluemlvbmUtY29uLWxhLWNhbXBhZ25hLWlscGFuZGFzaWFtb25vaS1kaS1hY2NlbnR1cmUtc29uZy_SAQA?hl=en-US&gl=US&ceid=US%3Aen,"https://encrypted-tbn3.gstatic.com/faviconV2?url=https://brand-news.it&client=NEWS_360&size=96&type=FAVICON&fallback_opts=TYPE,SIZE,URL",Brand News,
Grupo Aire incorpora a María Pérez Carrascosa como CFO,,15 hours ago,2023-10-17 06:04:39.771838,news.google.com/./articles/CBMiVWh0dHBzOi8vd3d3LnNpbGljb24uZXMvZ3J1cG8tYWlyZS1pbmNvcnBvcmEtYS1tYXJpYS1wZXJlei1jYXJyYXNjb3NhLWNvbW8tY2ZvLTI0ODkyNjjSAVlodHRwczovL3d3dy5zaWxpY29uLmVzL2dydXBvLWFpcmUtaW5jb3Jwb3JhLWEtbWFyaWEtcGVyZXotY2FycmFzY29zYS1jb21vLWNmby0yNDg5MjY4L2FtcA?hl=en-US&gl=US&ceid=US%3Aen,https://lh3.googleusercontent.com/proxy/IoCzQEHYvpKLn4v_settlGJezRuQF__pPReZ8ylg3YF0-5O9RNOjlqfrXHKgGfiSdanwX8mcZX-ch3hQmH4JmZHFPGvKSx3dW6Nz_rpD04-VGkHqVb4oq6NHJUiUSLMrYfVbT1P_C_Znk65FaUGj1jt_5JGPUL1Rwz3MczUP20XizfW_2cSEdO5CgSIn=s0-h14-rp,Silicon Spain,
"Internet of Things (IoT) Analytics Market Insight 2023, Trend ...",,16 hours ago,2023-10-17 05:04:39.778842,news.google.com/./articles/CBMi0AFodHRwczovL3d3dy5kaWdpdGFsam91cm5hbC5jb20vcHIvbmV3cy9wcndpcmVjZW50ZXIvaW50ZXJuZXQtb2YtdGhpbmdzLWlvdC1hbmFseXRpY3MtbWFya2V0LWluc2lnaHQtMjAyMy10cmVuZC1jb21wZXRpdG9ycy1nb29nbGUtbGxjLWFjY2VudHVyZS1wbGMtY2lzY28tc3lzdGVtcy1pbmMtZ3JlZW53YXZlLXN5c3RlbXMtaW5jLWFuZC1mb3JlY2FzdC10by0yMDMx0gEA?hl=en-US&gl=US&ceid=US%3Aen,"https://encrypted-tbn3.gstatic.com/faviconV2?url=https://www.digitaljournal.com&client=NEWS_360&size=96&type=FAVICON&fallback_opts=TYPE,SIZE,URL",Digital Journal,
"Digital Assurance Market To Witness the Highest Growth Globally In Coming Years 2023-2029- Capgemini, Micro...",,16 hours ago,2023-10-17 05:04:39.773845,news.google.com/./articles/CBMinQFodHRwczovL3d3dy5zZWVkYW5jZS5jb20vZGlnaXRhbC1hc3N1cmFuY2UtbWFya2V0LXRvLXdpdG5lc3MtdGhlLWhpZ2hlc3QtZ3Jvd3RoLWdsb2JhbGx5LWluLWNvbWluZy15ZWFycy0yMDIzLTIwMjktY2FwZ2VtaW5pLW1pY3JvLWZvY3VzLWFjY2VudHVyZS1jb2duaXphbnQv0gGhAWh0dHBzOi8vd3d3LnNlZWRhbmNlLmNvbS9kaWdpdGFsLWFzc3VyYW5jZS1tYXJrZXQtdG8td2l0bmVzcy10aGUtaGlnaGVzdC1ncm93dGgtZ2xvYmFsbHktaW4tY29taW5nLXllYXJzLTIwMjMtMjAyOS1jYXBnZW1pbmktbWljcm8tZm9jdXMtYWNjZW50dXJlLWNvZ25pemFudC9hbXAv?hl=en-US&gl=US&ceid=US%3Aen,"https://encrypted-tbn2.gstatic.com/faviconV2?url=https://www.seedance.com&client=NEWS_360&size=96&type=FAVICON&fallback_opts=TYPE,SIZE,URL",SeeDance News,
The integration of AI in smart homes and offices: Creating efficient ...,,16 hours ago,2023-10-17 05:04:39.773845,news.google.com/./articles/CBMieWh0dHBzOi8vd3d3LnRoZWNhYmxlLm5nL3RoZS1pbnRlZ3JhdGlvbi1vZi1haS1pbi1zbWFydC1ob21lcy1hbmQtb2ZmaWNlcy1jcmVhdGluZy1lZmZpY2llbnQtYW5kLXBlcnNvbmFsaXplZC1lbnZpcm9ubWVudHPSAQA?hl=en-US&gl=US&ceid=US%3Aen,"https://encrypted-tbn0.gstatic.com/faviconV2?url=https://www.thecable.ng&client=NEWS_360&size=96&type=FAVICON&fallback_opts=TYPE,SIZE,URL",TheCable,
"Global Cloud Professional Services Market: CAGR, Leading Players ...",,16 hours ago,2023-10-17 05:04:39.770840,news.google.com/./articles/CBMi1AFodHRwczovL3d3dy5kaWdpdGFsam91cm5hbC5jb20vcHIvbmV3cy9wcndpcmVjZW50ZXIvZ2xvYmFsLWNsb3VkLXByb2Zlc3Npb25hbC1zZXJ2aWNlcy1tYXJrZXQtY2Fnci1sZWFkaW5nLXBsYXllcnMtaGV3bGV0dC1wYWNrYXJkLWVudGVycHJpc2UtYWNjZW50dXJlLXBsYy1wcmljZXdhdGVyaG91c2Vjb29wZXJzLWxscC1pYm0tYW5kLWZvcmVjYXN0LW91dGxvb2stMjAzMdIBAA?hl=en-US&gl=US&ceid=US%3Aen,"https://encrypted-tbn3.gstatic.com/faviconV2?url=https://www.digitaljournal.com&client=NEWS_360&size=96&type=FAVICON&fallback_opts=TYPE,SIZE,URL",Digital Journal,
Hybrid Work May Hold Key to German Talent Retention,,16 hours ago,2023-10-17 05:04:39.770840,news.google.com/./articles/CBMijgFodHRwczovL3d3dy5tYXJrZXRzY3JlZW5lci5jb20vcXVvdGUvc3RvY2svSU5GT1JNQVRJT04tU0VSVklDRVMtR1JPVS04NzkyMzcvbmV3cy9IeWJyaWQtV29yay1NYXktSG9sZC1LZXktdG8tR2VybWFuLVRhbGVudC1SZXRlbnRpb24tNDUwNzgxOTQv0gEA?hl=en-US&gl=US&ceid=US%3Aen,https://lh3.googleusercontent.com/Cwhcj9HyL4aQUaZj4zog5SCBY6E0sadclIfoeYmDYt6-09W4pnzviUhrm1j7U5I7HdalWfYhZA=s0-h14-rp,Marketscreener.com,
Oracle Cloud Application Services Market to See Massive Growth by ...,,17 hours ago,2023-10-17 04:04:39.781827,news.google.com/./articles/CBMiowFodHRwczovL3d3dy5tZWFkZWNvdW50eW1lc3Nlbmdlci5jb20vYnVzaW5lc3Mvb3JhY2xlLWNsb3VkLWFwcGxpY2F0aW9uLXNlcnZpY2VzLW1hcmtldC10by1zZWUtbWFzc2l2ZS1ncm93dGgtYnktMjAyOS1hY2NlbnR1cmUtY2FwZ2VtaW5pLWNvZ25pemFudC1kZWxvaXR0ZS80MjM5ODAv0gEA?hl=en-US&gl=US&ceid=US%3Aen,"https://encrypted-tbn3.gstatic.com/faviconV2?url=https://www.meadecountymessenger.com&client=NEWS_360&size=96&type=FAVICON&fallback_opts=TYPE,SIZE,URL",The Meade County Messenger,
"Retail System Integrators Market Analysis to 2029 | IBM, Accenture ...",,17 hours ago,2023-10-17 04:04:39.780884,news.google.com/./articles/CBMiiQFodHRwczovL3d3dy5tZWFkZWNvdW50eW1lc3Nlbmdlci5jb20vYnVzaW5lc3MvcmV0YWlsLXN5c3RlbS1pbnRlZ3JhdG9ycy1tYXJrZXQtYW5hbHlzaXMtdG8tMjAyOS1pYm0tYWNjZW50dXJlLWNhcGdlbWluaS1jb2duaXphbnQvNDI0NTUzL9IBAA?hl=en-US&gl=US&ceid=US%3Aen,"https://encrypted-tbn3.gstatic.com/faviconV2?url=https://www.meadecountymessenger.com&client=NEWS_360&size=96&type=FAVICON&fallback_opts=TYPE,SIZE,URL",The Meade County Messenger,
Workday Financial Management Service Market 2029 | Alight ...,,17 hours ago,2023-10-17 04:04:39.779833,news.google.com/./articles/CBMikgFodHRwczovL3d3dy5tZWFkZWNvdW50eW1lc3Nlbmdlci5jb20vYnVzaW5lc3Mvd29ya2RheS1maW5hbmNpYWwtbWFuYWdlbWVudC1zZXJ2aWNlLW1hcmtldC0yMDI5LWFsaWdodC1zb2x1dGlvbnMtYXBwaXJpby1hY2NlbnR1cmUtZGVsb2l0dGUvNDI0MzUwL9IBAA?hl=en-US&gl=US&ceid=US%3Aen,"https://encrypted-tbn3.gstatic.com/faviconV2?url=https://www.meadecountymessenger.com&client=NEWS_360&size=96&type=FAVICON&fallback_opts=TYPE,SIZE,URL",The Meade County Messenger,
The Eminent Role And Use Cases Of Blockchain In Logistics,,17 hours ago,2023-10-17 04:04:39.778842,news.google.com/./articles/CBMiWWh0dHBzOi8vYmxvY2tjaGFpbm1hZ2F6aW5lLm5ldC90aGUtZW1pbmVudC1yb2xlLWFuZC11c2UtY2FzZXMtb2YtYmxvY2tjaGFpbi1pbi1sb2dpc3RpY3Mv0gEA?hl=en-US&gl=US&ceid=US%3Aen,"https://encrypted-tbn2.gstatic.com/faviconV2?url=https://blockchainmagazine.net&client=NEWS_360&size=96&type=FAVICON&fallback_opts=TYPE,SIZE,URL",Blockchain Magazine,
Telecom Billing and Revenue Management Market is Booming ...,,17 hours ago,2023-10-17 04:04:39.775843,news.google.com/./articles/CBMioAFodHRwczovL3d3dy5kaWdpdGFsam91cm5hbC5jb20vcHIvbmV3cy9wcndpcmVjZW50ZXIvdGVsZWNvbS1iaWxsaW5nLWFuZC1yZXZlbnVlLW1hbmFnZW1lbnQtbWFya2V0LWlzLWJvb21pbmctYWNyb3NzLXRoZS1nbG9iYWwtcGxheWVycy1lcmljc3Nvbi1hY2NlbnR1cmUtYW1kb2Nz0gEA?hl=en-US&gl=US&ceid=US%3Aen,"https://encrypted-tbn3.gstatic.com/faviconV2?url=https://www.digitaljournal.com&client=NEWS_360&size=96&type=FAVICON&fallback_opts=TYPE,SIZE,URL",Digital Journal,
Rising Concerns Over Cyber Threats Drive Growth of the Mobile ...,,17 hours ago,2023-10-17 04:04:39.762861,news.google.com/./articles/CBMiS2h0dHBzOi8vY2lvbmV3cy5jby5pbi9jeWJlci10aHJlYXRzLWRyaXZlLWdyb3d0aC1vZi10aGUtbW9iaWxlLWFwcGxpY2F0aW9uL9IBAA?hl=en-US&gl=US&ceid=US%3Aen,"https://encrypted-tbn2.gstatic.com/faviconV2?url=https://cionews.co.in&client=NEWS_360&size=96&type=FAVICON&fallback_opts=TYPE,SIZE,URL",CIO News,
German Jury Day for The Immortal Awards Sees 4 Finalists Make It ...,,17 hours ago,2023-10-17 04:04:39.760841,news.google.com/./articles/CBMiZ2h0dHBzOi8vd3d3LmxiYm9ubGluZS5jb20vbmV3cy9nZXJtYW4tanVyeS1kYXktZm9yLXRoZS1pbW1vcnRhbC1hd2FyZHMtc2Vlcy00LWZpbmFsaXN0cy1tYWtlLWl0LXRocm91Z2jSAQA?hl=en-US&gl=US&ceid=US%3Aen,https://lh3.googleusercontent.com/gydjVDFZwM38B47woluawUFrUCeXToYcOsydj26WHvWHUqbOsHD8_mXFnfQqJFrHBkt9txVA0w=s0-h14-rp,Little Black Book - LBBonline,
Accenture CHRO shares 3 must-have skills for today’s business leaders,,17 hours ago,2023-10-17 04:04:39.756828,news.google.com/./articles/CBMiX2h0dHBzOi8vZm9ydHVuZS5jb20vMjAyMy8xMC8xNy9hY2NlbnR1cmUtY2hyby1lbGx5bi1zaG9vay1sZWFkZXJzaGlwLXNraWxscy1lbXBhdGh5LWNvbXBhc3Npb24v0gFjaHR0cHM6Ly9mb3J0dW5lLmNvbS8yMDIzLzEwLzE3L2FjY2VudHVyZS1jaHJvLWVsbHluLXNob29rLWxlYWRlcnNoaXAtc2tpbGxzLWVtcGF0aHktY29tcGFzc2lvbi9hbXAv?hl=en-US&gl=US&ceid=US%3Aen,https://lh3.googleusercontent.com/tFLb6M9by7fEPdctsE-5e-YDl6ecYOdDGEYTTC5krR3yydg4uRHaSorz2f0hHNyMWSHq20XBMw=s0-h14-rp,Fortune,
Blockchain For Identity Management Market to See Massive Growth ...,,18 hours ago,2023-10-17 03:04:39.781827,news.google.com/./articles/CBMioQFodHRwczovL3d3dy5tZWFkZWNvdW50eW1lc3Nlbmdlci5jb20vYnVzaW5lc3MvYmxvY2tjaGFpbi1mb3ItaWRlbnRpdHktbWFuYWdlbWVudC1tYXJrZXQtdG8tc2VlLW1hc3NpdmUtZ3Jvd3RoLWJ5LTIwMjktYWNjZW50dXJlLWlibS1hbGliYWJhLXBlZXItbW91bnRhaW4vNDIzNDY5L9IBAA?hl=en-US&gl=US&ceid=US%3Aen,"https://encrypted-tbn3.gstatic.com/faviconV2?url=https://www.meadecountymessenger.com&client=NEWS_360&size=96&type=FAVICON&fallback_opts=TYPE,SIZE,URL",The Meade County Messenger,
"Musk and Zuckerberg's $1 salary, myth or reality?",,18 hours ago,2023-10-17 03:04:39.774833,news.google.com/./articles/CBMiZWh0dHBzOi8vd3d3Lm1zbi5jb20vZW4tY2EvbW9uZXkvdG9wc3Rvcmllcy9tdXNrLWFuZC16dWNrZXJiZXJnLXMtMS1zYWxhcnktbXl0aC1vci1yZWFsaXR5L3NzLUFBMWlpNEM00gEA?hl=en-US&gl=US&ceid=US%3Aen,"https://encrypted-tbn2.gstatic.com/faviconV2?url=https://www.msn.com&client=NEWS_360&size=96&type=FAVICON&fallback_opts=TYPE,SIZE,URL",msnNOW,
"Telstra goes for a bespoke agency, +61",,18 hours ago,2023-10-17 03:04:39.770840,news.google.com/./articles/CBMiQ2h0dHBzOi8vd3d3LmFkbmV3cy5jb20uYXUvbmV3cy90ZWxzdHJhLWdvZXMtZm9yLWEtYmVzcG9rZS1hZ2VuY3ktNjHSAQA?hl=en-US&gl=US&ceid=US%3Aen,"https://encrypted-tbn3.gstatic.com/faviconV2?url=https://www.adnews.com.au&client=NEWS_360&size=96&type=FAVICON&fallback_opts=TYPE,SIZE,URL",AdNews,
Experts harps on adoption of ESG strategies to advance sustainable ...,,18 hours ago,2023-10-17 03:04:39.769854,news.google.com/./articles/CBMiZGh0dHBzOi8vY2hhbXBpb25uZXdzLmNvbS5uZy9leHBlcnRzLWhhcnBzLW9uLWFkb3B0aW9uLW9mLWVzZy1zdHJhdGVnaWVzLXRvLWFkdmFuY2Utc3VzdGFpbmFibGUtZGV2dC_SAQA?hl=en-US&gl=US&ceid=US%3Aen,"https://encrypted-tbn1.gstatic.com/faviconV2?url=https://championnews.com.ng&client=NEWS_360&size=96&type=FAVICON&fallback_opts=TYPE,SIZE,URL",Champion Newspapers,
Can generative AI improve work/life balance?,,18 hours ago,2023-10-17 03:04:39.758834,news.google.com/./articles/CBMiQmh0dHBzOi8vd3d3LmRpZ2l0LmZ5aS9jYW4tZ2VuZXJhdGl2ZS1haS1pbXByb3ZlLXdvcmstbGlmZS1iYWxhbmNlL9IBAA?hl=en-US&gl=US&ceid=US%3Aen,https://lh3.googleusercontent.com/b19Rw-ppgwzhq-vs86huW1CWYK-CCEht_N1TGw7ZcMEQ1bjC2coWqhQDFdkzIeFL5FcjhLls=s0-h14-rp,DIGIT.FYI,
Efterlyses: teknisk kompetens i företagens styrelser - Computer ...,,19 hours ago,2023-10-17 02:04:39.776834,news.google.com/./articles/CBMibmh0dHBzOi8vY29tcHV0ZXJzd2VkZW4uaWRnLnNlLzIuMjY4My8xLjc4MDIxMC9kYWxpZy10ZWtuaXNrLWtvbXBldGVucy1pLXN0eXJlbHNlci1nZXItZXVyb3BhLXNhbXJlLWxhZ2UtYW4tdXNh0gEA?hl=en-US&gl=US&ceid=US%3Aen,https://lh3.googleusercontent.com/JmtlUKDLBHTsqqAVBxeOb4PYeoAm31CSUiDR7K1Q0Owh8tKiPJ3NE--Bggl6HSghoEXjEyMD=s0-h14-rp,Computer Sweden,
Fashion's Craftsmanship Challenge | BoF,,19 hours ago,2023-10-17 02:04:39.772841,news.google.com/./articles/CBMiXWh0dHBzOi8vd3d3LmJ1c2luZXNzb2ZmYXNoaW9uLmNvbS9hcnRpY2xlcy93b3JrcGxhY2UtdGFsZW50L2Zhc2hpb25zLWNyYWZ0c21hbnNoaXAtY2hhbGxlbmdlL9IBAA?hl=en-US&gl=US&ceid=US%3Aen,"https://encrypted-tbn3.gstatic.com/faviconV2?url=https://www.businessoffashion.com&client=NEWS_360&size=96&type=FAVICON&fallback_opts=TYPE,SIZE,URL",The Business of Fashion,
Accenture acquires creative management consultancy The ...,,19 hours ago,2023-10-17 02:04:39.757833,news.google.com/./articles/CBMib2h0dHBzOi8vd3d3LmNhbXBhaWduaW5kaWEuaW4vYXJ0aWNsZS9hY2NlbnR1cmUtYWNxdWlyZXMtY3JlYXRpdmUtbWFuYWdlbWVudC1jb25zdWx0YW5jeS10aGUtc3Rvcnl0ZWxsZXJzLzQ5MjEyONIBAA?hl=en-US&gl=US&ceid=US%3Aen,https://lh3.googleusercontent.com/pq9j03RckFkIWEEeasc_JHEWHoPvmbsxkkjDA40q5MYf9qHjWJcnNVhQQBJ_r53sxt3YJz7Qlg=s0-h14-rp,Campaign India,
"Multas millonarias a Indra, IBM y tres grandes empresas más: ""Crearon un entramado y estafaron al Estado""",,20 hours ago,2023-10-17 01:04:39.776834,news.google.com/./articles/CBMifmh0dHBzOi8vZWxjaWVycmVkaWdpdGFsLmNvbS9pbnZlc3RpZ2FjaW9uLzY5NjUyMzQzMy9tdWx0YXMtbWlsbG9uYXJpYXMtaW5kcmEtaWJtLWdyYW5kZXMtZW1wcmVzYXMtZW50cmFtYWRvLWVzdGFmYS1lc3RhZG8uaHRtbNIBggFodHRwczovL2VsY2llcnJlZGlnaXRhbC5jb20vYW1wL2ludmVzdGlnYWNpb24vNjk2NTIzNDMzL211bHRhcy1taWxsb25hcmlhcy1pbmRyYS1pYm0tZ3JhbmRlcy1lbXByZXNhcy1lbnRyYW1hZG8tZXN0YWZhLWVzdGFkby5odG1s?hl=en-US&gl=US&ceid=US%3Aen,https://lh3.googleusercontent.com/proxy/R-84W2cTkewKx4zOYC7aexe8niJxnUUAVlwrE5Ea_skgLA_JBNvzBwVctRfUkd9KwakZQGZB1F37eyOXiaIxrS4WW8WKJZ3KGzP4sawf2VZRoPWkOaRaZuAedt_nq5i0rhn_tRMEsaVS6jkfAubRqfPm1j6OH5WJb1aYIqU_68tmwmPSPiNmeOY2UkqK=s0-h14-rp,El Cierre Digital,
New tech is both a threat and a benefit for women's access to work,,20 hours ago,2023-10-17 01:04:39.768836,news.google.com/./articles/CBMiP2h0dHBzOi8vd3d3LmZ0LmNvbS9jb250ZW50LzcyZDFjNGU0LTQ0NTUtNDZhZi1iMjBhLTU2NjVlZjc1NTJmN9IBAA?hl=en-US&gl=US&ceid=US%3Aen,https://lh3.googleusercontent.com/281oPpXmEcGU9cV4N2LudyLEG2aBqbqG2iDoMoXUXKl-SWD4AUdO5652KVTGNmcduSWZB_7j=s0-h14-rp,Financial Times,
Cognizant CEO inducts 26 senior leaders,,20 hours ago,2023-10-17 01:04:39.765844,news.google.com/./articles/CBMiXmh0dHBzOi8vd3d3Lm1zbi5jb20vZW4taW4vbW9uZXkvdG9wc3Rvcmllcy9jb2duaXphbnQtY2VvLWluZHVjdHMtMjYtc2VuaW9yLWxlYWRlcnMvYXItQUExaWszQTDSAQA?hl=en-US&gl=US&ceid=US%3Aen,"https://encrypted-tbn2.gstatic.com/faviconV2?url=https://www.msn.com&client=NEWS_360&size=96&type=FAVICON&fallback_opts=TYPE,SIZE,URL",msnNOW,
Charity work works in your favour,,21 hours ago,2023-10-17 00:04:39.770840,news.google.com/./articles/CBMiV2h0dHBzOi8vd3d3LmJldGhlYm9zcy5jYS9yZXNvdXJjZXMvZnJhbmNoaXNlLWFydGljbGVzL2NoYXJpdHktd29yay13b3Jrcy1pbi15b3VyLWZhdm91ctIBAA?hl=en-US&gl=US&ceid=US%3Aen,"https://encrypted-tbn3.gstatic.com/faviconV2?url=https://www.betheboss.ca&client=NEWS_360&size=96&type=FAVICON&fallback_opts=TYPE,SIZE,URL",BeTheBoss.ca,
Essential cyber hygiene: Making cyber defense cost effective,,21 hours ago,2023-10-17 00:04:39.765844,news.google.com/./articles/CBMiTGh0dHBzOi8vd3d3LmhlbHBuZXRzZWN1cml0eS5jb20vMjAyMy8xMC8xNy9jaXMtY29zdC1lZmZlY3RpdmUtY3liZXItZGVmZW5zZS_SAQA?hl=en-US&gl=US&ceid=US%3Aen,"https://encrypted-tbn3.gstatic.com/faviconV2?url=https://www.helpnetsecurity.com&client=NEWS_360&size=96&type=FAVICON&fallback_opts=TYPE,SIZE,URL",Help Net Security,
UK workers turn to AI seeking better work-life balance,,22 hours ago,2023-10-16 23:04:39.762861,news.google.com/./articles/CBMiJ2h0dHBzOi8vdGhlZWRnZW1hbGF5c2lhLmNvbS9ub2RlLzY4NjQyNNIBAA?hl=en-US&gl=US&ceid=US%3Aen,"https://encrypted-tbn2.gstatic.com/faviconV2?url=https://theedgemalaysia.com&client=NEWS_360&size=96&type=FAVICON&fallback_opts=TYPE,SIZE,URL",The Edge Malaysia,
Data Analytics Consulting Service Market Growing Rapidly Globally ...,,23 hours ago,2023-10-16 22:04:39.776834,news.google.com/./articles/CBMif2h0dHBzOi8vbGFndW5hbm93LnBoL25ld3MvZGF0YS1hbmFseXRpY3MtY29uc3VsdGluZy1zZXJ2aWNlLW1hcmtldC1ncm93aW5nLXJhcGlkbHktZ2xvYmFsbHktYWNjZW50dXJlLWFkZGVwdG8tYmxhc3QtaWJtLzU1NDIxOC_SAQA?hl=en-US&gl=US&ceid=US%3Aen,"https://encrypted-tbn3.gstatic.com/faviconV2?url=https://lagunanow.ph&client=NEWS_360&size=96&type=FAVICON&fallback_opts=TYPE,SIZE,URL",Laguna Now,
Data Monetization Market Reaches US$ 15.84 billion by 2030 Mark ...,,23 hours ago,2023-10-16 22:04:39.772841,news.google.com/./articles/CBMioQFodHRwczovL3d3dy5nbG9iZW5ld3N3aXJlLmNvbS9uZXdzLXJlbGVhc2UvMjAyMy8xMC8xNy8yNzYxMTM4LzAvZW4vRGF0YS1Nb25ldGl6YXRpb24tTWFya2V0LVJlYWNoZXMtVVMtMTUtODQtYmlsbGlvbi1ieS0yMDMwLU1hcmstd2l0aC1hLUNBR1Itb2YtMjItOC1CeS1QTUkuaHRtbNIBAA?hl=en-US&gl=US&ceid=US%3Aen,https://lh3.googleusercontent.com/mJI4NoxATIZqUI2dQzTur5opKuR9-9OVpNCw5xjFKgy7lhKMuQsIkrO6pbRM9YUeF7s3SOSaXw=s0-h14-rp,GlobeNewswire,
Firms bruised by energy crisis moving into LNG trading,,23 hours ago,2023-10-16 22:04:39.764841,news.google.com/./articles/CBMic2h0dHBzOi8vd3d3LnRoZXN0YXIuY29tLm15L2J1c2luZXNzL2J1c2luZXNzLW5ld3MvMjAyMy8xMC8xNy9maXJtcy1icnVpc2VkLWJ5LWVuZXJneS1jcmlzaXMtbW92aW5nLWludG8tbG5nLXRyYWRpbmfSAQA?hl=en-US&gl=US&ceid=US%3Aen,"https://encrypted-tbn0.gstatic.com/faviconV2?url=https://www.thestar.com.my&client=NEWS_360&size=96&type=FAVICON&fallback_opts=TYPE,SIZE,URL",The Star Online,
